time,x,y,velocity,heading_angle,acceleration,steering_angle
0.0,0.0,0.0,0.0,-2.31665823559,0.0,0.0
0.2,0.0,0.0,0.19999999992,-2.31665823559,0.999999999601,5.91685865667e-20
0.4,-0.0271442054801,-0.0293801311702,0.39999999758,-2.31665823558,0.9999999883,1.93482929022e-11
0.6,-0.0814326161336,-0.0881403931785,0.599999997337,-2.31665823558,0.999999998782,9.39416911533e-11
0.8,-0.162865232245,-0.176280786333,0.799999997183,-2.32991106299,0.999999999233,-0.253414597266
1.0,-0.272989952522,-0.292352082542,0.999999996298,-2.3486080078,0.999999995576,-0.2674614872
1.2,-0.413334358189,-0.434842248876,1.19999999582,-2.37110635005,0.999999997586,-0.257917653265
1.4,-0.585551649997,-0.601998475205,1.39999999594,-2.38916681031,1.00000000064,-0.1746675047
1.6,-0.789960936668,-0.793353754903,1.59999999625,-2.4016153985,1.00000000151,-0.10388163047
1.8,-1.02627578256,-1.00912051121,1.79999999639,-2.41158552882,1.00000000073,-0.0729327713207
2.0,-1.2945368564,-1.24919549064,1.99999999647,-2.4209189519,1.0000000004,-0.0607221396667
2.2,-1.59508138786,-1.51315189621,2.19999999675,-2.41587970152,1.00000000139,0.0295340153008
2.4,-1.92421302449,-1.80516621982,2.39999999691,-2.41391134849,1.0000000008,0.0104900421751
2.6,-2.28263798324,-2.12443342508,2.59999999771,-2.40914629766,1.00000000398,0.0232750549654
2.8,-2.66927918521,-2.47215253652,2.79999999839,-2.40663338923,1.00000000343,0.0113317654659
3.0,-3.08471970394,-2.84766442054,2.99999999897,-2.40319163046,1.0000000029,0.014411367086
3.2,-3.5284471748,-3.251528174,3.19999999915,-2.40015202624,1.00000000092,0.0118792276537
3.4,-4.00044486757,-3.6837528584,3.3999999992,-2.40024467218,1.00000000021,-0.000339460502621
3.6,-4.5019849606,-4.1429451219,3.59999999931,-2.39936578336,1.00000000055,0.00303086467135
3.8,-5.03259988814,-4.62961523447,3.79999999934,-2.3995543524,1.00000000019,-0.000614158803002
4.0,-5.59279028212,-5.1432169501,3.99999999948,-2.39712977425,1.00000000068,0.00748096012484
4.2,-6.18115184124,-5.68527845545,4.19999999965,-2.3947419283,1.00000000087,0.00699925915978
4.4,-6.79757064107,-6.25591657467,4.39999999969,-2.39315309439,1.0000000002,0.00443546557573
4.6,-7.44239207943,-6.85475320726,4.5999999998,-2.38893390951,1.00000000052,0.0112426950821
4.8,-8.11387614271,-7.48364839143,4.79999999981,-2.3897052484,1.00000000004,-0.00196607321319
5.0,-8.81506113903,-8.13934618834,5.0,-2.38748482326,1.00000000095,0.00542379780283
5.2,-9.54394378605,-8.82398484257,5.2000000001,-2.38751310545,1.00000000049,-6.63217466179e-05
5.4,-10.3020018763,-9.53598760372,5.40000000011,-2.3860354624,1.00000000005,0.00333178860257
5.6,-11.0881226371,-10.2765375004,5.60000000012,-2.38804399301,1.00000000009,-0.00436108743685
5.8,-11.9048998429,-11.0428761959,5.80000000015,-2.38367237235,1.00000000012,0.00915282516472
6.0,-12.7473698007,-11.8402746974,6.00000000017,-2.38085204812,1.00000000009,0.0057013695264
6.2,-13.6165605124,-12.6676243857,6.2000000002,-2.37796307442,1.00000000016,0.00564547613135
6.4,-14.5122506385,-13.5251435972,6.4000000002,-2.37607052111,1.00000000002,0.00357904722263
6.6,-15.4351570873,-14.4120729557,6.60000000021,-2.37685686232,1.00000000001,-0.00144060066796
6.8,-16.387623292,-15.3259701759,6.80000000021,-2.37864853267,1.00000000001,-0.00318291877379
7.0,-17.3706375538,-16.2658015231,7.0000000002,-2.38014636537,0.999999999958,-0.00258265432802
7.2,-18.3840119774,-17.2317581875,7.20000000019,-2.38732929532,0.999999999984,-0.0120308271813
7.4,-19.4334496447,-18.2178010784,7.40000000019,-2.38632022955,0.999999999984,0.00164323409656
7.6,-20.5110151887,-19.2323219004,7.60000000019,-2.39662691792,0.999999999972,-0.016329078406
7.8,-21.6283841097,-20.2628007671,7.80000000017,-2.39093042084,0.999999999933,0.0087881195867
8.0,-22.7691143055,-21.3269128949,8.00000000016,-2.41113501349,0.999999999944,-0.0303623138083
8.2,-23.9609049264,-22.3944498339,8.20000000012,-2.39378591724,0.999999999788,0.0254217913559
8.4,-25.1633236053,-23.5097028637,8.4000000001,-2.4291553838,0.999999999889,-0.0505309716233
8.6,-26.4346987684,-24.607885542,8.60000000004,-2.4025383695,0.999999999724,0.0371358354015
8.8,-27.7059609391,-25.7664590154,8.79999999994,-2.44289545834,0.99999999948,-0.0549663052337
9.0,-29.0535591961,-26.8985274487,8.99999999986,-2.41352656165,0.999999999592,0.0391107633063
9.2,-30.3971920068,-28.0962965709,9.1999999991,-2.46371108186,0.999999996234,-0.0652863624208
9.4,-31.8303735743,-29.2502422342,9.39999999891,-2.43198645511,0.999999999019,0.0404096475835
9.6,-33.2565763735,-30.4751281777,9.59999999812,-2.47914955472,0.999999996063,-0.0587607171107
9.8,-34.7704809561,-31.6560146723,9.79999999636,-2.44631697722,0.999999991197,0.0400787319885
10.0,-36.2755201372,-32.9115850848,9.99999998934,-2.50208626217,0.99999996489,-0.0666252092924
10.2,-37.8803010174,-34.1051839781,10.1999999864,-2.46502421314,0.999999985079,0.0434279304372
10.4,-39.4709418044,-35.3824708979,10.2420343725,-2.5224251081,0.210171930521,-0.0658873834687
10.6,-41.1390862367,-36.5712790728,10.2248891181,-2.48490336621,-0.0857262720056,0.0429282042949
10.8,-42.7587449754,-37.8197340655,10.2011441887,-2.54287330834,-0.118724646995,-0.0663771545838
11.0,-44.4440924306,-38.969576518,10.1796092424,-2.50529627543,-0.107674731063,0.043163497067
11.2,-46.0815885222,-40.1793634097,10.1597576525,-2.56301533223,-0.0992579499576,-0.0663838385387
11.4,-47.7828225986,-41.2905023027,10.1429027843,-2.52621987141,-0.0842743409157,0.042438781975
11.6,-49.4392769104,-42.4615267211,10.1271077559,-2.58367235211,-0.0789751420292,-0.0663165707116
11.8,-51.1575594566,-43.5338315059,10.1139165294,-2.54806936266,-0.065956132334,0.0411972371879
12.0,-52.8343968624,-44.6651442907,10.1009461838,-2.60605896026,-0.0648517278158,-0.0671259738565
12.2,-54.5717523495,-45.6960470328,10.0905793375,-2.57190999212,-0.0518342315539,0.0396187771348
12.4,-56.2711515751,-46.784547803,10.079824521,-2.63102394003,-0.0537740825169,-0.0685812003595
12.6,-58.03001389,-47.7696964478,10.0717200511,-2.59840402191,-0.0405223495173,0.0379257739264
12.8,-59.7544231611,-48.8108469926,10.0633795305,-2.65765830381,-0.0417026029495,-0.0688718132135
13.0,-61.5359860324,-49.7472753341,10.0570149577,-2.62579428281,-0.0318228643522,0.0371082241102
13.2,-63.2857039249,-50.7393586426,10.0506684754,-2.68424277819,-0.0317324114044,-0.0680371701347
13.4,-65.0892478731,-51.6269771976,10.0453774254,-2.65173940871,-0.026455250027,0.0378999186395
13.6,-66.8620599302,-52.5722399731,10.0412248768,-2.70725325306,-0.0207627429986,-0.0647055006063
13.8,-68.6838358008,-53.4173320145,10.0365527463,-2.67386198622,-0.0233606524599,0.0389707818339
14.0,-70.4755486337,-54.3223517743,10.0340785013,-2.72491182019,-0.0123712250715,-0.0595673833734
14.2,-72.3106558305,-55.1345653121,10.0298766196,-2.6866832234,-0.0210094082846,0.0446411206514
14.4,-74.1126251219,-56.015952669,10.0268727236,-2.73656086598,-0.0150194799246,-0.0582413910926
14.6,-75.9557445551,-56.8061664499,10.0239253808,-2.69685701726,-0.01473671415,0.0463946815951
14.8,-77.7655130228,-57.6686635774,10.0215717014,-2.74594014948,-0.0117683969236,-0.0573496538352
15.0,-79.6149846179,-58.4411471007,10.0194455803,-2.70563667381,-0.0106306054848,0.0471192031336
15.2,-81.4314435087,-59.2873437017,10.0175372227,-2.75418202595,-0.00954178785198,-0.0567479627537
15.4,-83.2864718328,-60.0442532055,10.0159559563,-2.71359015019,-0.0079063320762,0.0474749541773
15.6,-85.1089684354,-60.8756863552,10.0142925852,-2.76205961909,-0.00831685547474,-0.0566791458169
15.8,-86.9692990167,-61.6177189473,10.0130868342,-2.72139178544,-0.00602875524235,0.0475790456861
16.0,-88.7977027226,-62.4346743966,10.0120629646,-2.76885319864,-0.00511934791005,-0.055518663323
16.2,-90.6626160891,-63.1638892674,10.0109193961,-2.72730253272,-0.00571784244641,0.0486211081544
16.4,-92.4954198292,-63.9698487803,10.0103041852,-2.77311421106,-0.00307605456224,-0.0536042027995
16.6,-94.3630953052,-64.690983935,10.008757314,-2.72923276873,-0.00773435617373,0.0513528408826
16.8,-96.1970551518,-65.4932309043,10.0089423905,-2.77171200401,0.000925382778745,-0.0497223072081
17.0,-98.0634636719,-66.216885758,10.0069591896,-2.72425812228,-0.00991600462208,0.0555328093562
17.2,-99.8930811882,-67.0281002999,10.0075997973,-2.76195311761,0.00320303837154,-0.0441379606696
17.4,-101.752089481,-67.7698349654,10.0050983203,-2.70974365854,-0.0125073849086,0.0610929829817
17.6,-103.569402342,-68.6073632707,10.0057859705,-2.74166609523,0.00343825109927,-0.0373925470054
17.8,-105.412647404,-69.3865152191,10.2057859651,-2.67262105125,0.999999972976,0.080732643493
18.0,-107.233428129,-70.3090553196,10.4057859632,-2.70592163914,0.999999990711,-0.0382390016765
18.2,-109.120178321,-71.1873428417,10.4519825886,-2.6283333891,0.230983126901,0.0872029383978
18.4,-110.94122469,-72.2137675717,10.6051852758,-2.64770588352,0.766013436116,-0.0217285808658
18.6,-112.808791419,-73.2192488987,10.6942663827,-2.55351208129,0.445405534384,0.10376580479
18.8,-114.588332408,-74.4058099831,10.7264252435,-2.56832092438,0.160794303812,-0.0162347209324
19.0,-116.390652758,-75.5693774702,10.6471643449,-2.46311412687,-0.396304493162,0.114498020281
19.2,-118.048476957,-76.9058292159,10.5689768232,-2.4672824525,-0.390937608038,-0.00459026207894
19.4,-119.699642458,-78.2255956093,10.393721005,-2.36372980175,-0.876279091423,0.114377729746
19.6,-121.180570853,-79.684371994,10.1937210057,-2.35185221726,-0.999999996439,0.013398122284
19.8,-122.615907268,-81.1322280965,10.3846039348,-2.20542176939,0.954414645457,0.166860862952
20.0,-123.847263606,-82.8047595689,10.3431162801,-2.17831097215,-0.207438273167,0.0306005770476
20.2,-125.028092875,-84.5032425426,10.2778942074,-2.02559258021,-0.326110363858,0.171423095538
20.4,-125.931066083,-86.3498729223,10.2209908575,-1.97390808703,-0.284516749071,0.058893376862
20.6,-126.732969402,-88.2302178989,10.1545189935,-1.81120013973,-0.332359320223,0.184526950567
20.8,-127.216517129,-90.2027167799,10.1008767934,-1.7304316712,-0.268211000438,0.0929910137686
21.0,-127.537640564,-92.1972062432,10.0489169752,-1.56769829936,-0.259799090891,0.186699405149
21.2,-127.53141421,-94.2069799936,10.0058152333,-1.4630664726,-0.215508709442,0.121482459491
21.4,-127.316245968,-96.1965417963,9.97507100977,-1.31696903153,-0.153721117871,0.169555921299
21.6,-126.815277049,-98.1276326303,9.94818138063,-1.21275104851,-0.134448145709,0.121893656761
21.8,-126.118020669,-99.9910934028,9.93160631155,-1.08713340733,-0.0828753454228,0.146986109593
22.0,-125.194331502,-101.749578683,10.1316063095,-0.972192609057,0.999999989574,0.134872366363
22.2,-124.052520703,-103.423569709,10.3316063081,-0.882569996141,0.9999999932,0.103348000001
22.4,-122.740059051,-105.01954213,10.3693766844,-0.805092257141,0.188851881287,0.0877013896268
22.6,-121.302770677,-106.514587629,10.3303371331,-0.736770233648,-0.195197756083,0.0771008497289
22.8,-119.772553342,-107.902776924,10.2893976408,-0.693990299468,-0.204697461947,0.0485173993572
23.0,-118.190661539,-109.219016444,10.2521197267,-0.626225429625,-0.186389570231,0.0770666565261
23.2,-116.529314732,-110.420750668,10.2192960975,-0.614067936434,-0.164118145888,0.0139032148113
23.4,-114.858846408,-111.598416192,10.1918379014,-0.544924724043,-0.137290980712,0.0791649312457
23.6,-113.11570312,-112.655011607,10.1661894138,-0.548694972866,-0.128242438171,-0.00433738160551
23.8,-111.380932528,-113.715496063,10.1477305564,-0.48551994282,-0.0922942867818,0.0727333078498
24.0,-109.585936134,-114.66262085,10.1284479095,-0.502400822857,-0.0964132346334,-0.0195022151589
24.2,-107.810563003,-115.638053332,10.1158440435,-0.44665400281,-0.0630193296899,0.0644448533589
24.4,-105.985872208,-116.511961526,10.1010447992,-0.477990186694,-0.0739962214811,-0.0363049603875
24.6,-104.192085802,-117.441248658,10.0900812627,-0.424442909581,-0.0548176829102,0.0620762677792
24.8,-102.35313158,-118.272294362,10.0792614312,-0.461466065109,-0.0540991572911,-0.0429955875536
25.0,-100.548136076,-119.169875373,10.0711398768,-0.410377219705,-0.0406077721117,0.0593607939699
25.2,-98.7011486553,-119.97346221,10.0628738135,-0.450539053444,-0.0413303161402,-0.0467230911927
25.4,-96.8894036929,-120.849839621,10.0567545688,-0.401925567167,-0.030596223702,0.0565827128475
25.6,-95.0383384684,-121.636662367,10.0503601029,-0.444263528182,-0.0319723294489,-0.0493210811613
25.8,-93.2233892833,-122.500577283,10.0452688878,-0.39694780239,-0.0254560755191,0.0551437398697
26.0,-91.3705489124,-123.277288067,10.0404522059,-0.440187250082,-0.0240834095038,-0.0504269945153
26.2,-89.5538859374,-124.13295322,10.0362856411,-0.393348273356,-0.0208328239701,0.0546429866163
26.4,-87.6999212236,-124.902301008,10.0326624621,-0.436565028197,-0.0181158951835,-0.0504456102418
26.6,-85.8815825918,-125.75072146,10.0290229884,-0.389177518847,-0.0181973684358,0.0553244520447
26.8,-84.025769164,-126.511779017,10.0270312348,-0.428687044187,-0.00995876803639,-0.0461580499064
27.0,-82.2018275179,-127.345380293,10.0224853962,-0.377107749862,-0.0227291931628,0.060240711278
27.2,-80.3381793431,-128.083502249,10.0216597172,-0.409122346238,-0.00412839497992,-0.0374354026725
27.4,-78.4992642926,-128.880834034,10.0154513769,-0.349747272157,-0.031041701458,0.0693553930747
27.6,-76.6174424192,-129.567213731,10.0147271882,-0.372266463625,-0.00362094325145,-0.0263569125412
27.8,-74.7516880013,-130.295740243,10.0073961122,-0.303423966561,-0.0366553799355,0.0804252752105
28.0,-72.8416382715,-130.893761235,10.0064932692,-0.31825089825,-0.00451421505208,-0.0173699819324
28.2,-70.9408364812,-131.519979133,9.99985557361,-0.241871103566,-0.0331884780349,0.0892593881546
28.4,-68.9990815086,-131.999011581,9.99892240555,-0.251067908608,-0.00466584030294,-0.0107829917093
28.6,-67.0619949416,-132.495835094,10.1989224023,-0.157318869648,0.999999983573,0.109492926598
28.8,-65.0473999893,-132.815409663,10.3989223856,-0.162026635593,0.999999916699,-0.00541214204586
29.0,-62.9948557467,-133.150917641,10.4464436663,-0.0761338950105,0.237606403266,0.096544757319
29.2,-60.9116192344,-133.309829707,10.5966012305,-0.086206135378,0.750787821015,-0.0113045158159
29.4,-58.8001689746,-133.492301912,10.6890852679,0.0116241368802,0.462420187342,0.107828056172
29.6,-56.6624963509,-133.467452194,10.7219356948,0.00526355698188,0.164252134612,-0.00697689160108
29.8,-54.518138917,-133.456165142,10.6523433021,0.103925802497,-0.347961963566,0.107476599401
30.0,-52.3991650457,-133.235152822,10.576371769,0.0929820105182,-0.379857665895,-0.0120452140511
30.2,-50.2930280712,-133.038753645,10.4101376099,0.194023925444,-0.83117079548,0.111550387498
30.4,-48.2500670208,-132.637320278,10.210137611,0.186730827245,-0.999999994447,-0.00821407520147
30.6,-46.2435372907,-132.258222871,10.4101375091,0.301386382423,0.999999490797,0.130913775496
30.8,-44.2553553731,-131.6401847,10.4007965259,0.304535860211,-0.0467049161382,0.00354726074833
31.0,-42.2709120443,-131.016448049,10.357711313,0.415777676056,-0.215426064709,0.124753592659
31.2,-40.3758600188,-130.179749079,10.3112554504,0.426488111415,-0.232279312918,0.0121236920005
31.4,-38.498336833,-129.32664519,10.2578996947,0.546049562728,-0.266778778496,0.135125685438
31.6,-36.745092094,-128.261228309,10.2176083727,0.568298019838,-0.201456610118,0.0254249851373
31.8,-35.0227748379,-127.161408276,10.1780070322,0.690996674555,-0.198006702191,0.139880713381
32.0,-33.4541175717,-125.864108208,10.1455064009,0.747897674578,-0.162503156649,0.0654559515708
32.2,-31.9665422784,-124.484118443,10.1305214971,0.839224763431,-0.074924518879,0.105155941679
32.4,-30.6130237652,-122.97644266,10.1084307805,0.87044364508,-0.110453583265,0.0361168194345
32.6,-29.310072525,-121.430631229,10.0965113952,0.94288419081,-0.0595969263198,0.0838285312989
32.8,-28.1238204301,-119.796499147,10.0805683111,0.956880169858,-0.0797154205891,0.0162519903802
33.0,-26.9623919268,-118.148531268,10.0768699,1.00040192267,-0.0184920553859,0.0505782338335
33.2,-25.8741624183,-116.452215019,10.0643524127,0.976993496501,-0.0625874364024,-0.0272302767618
33.4,-24.747927328,-114.783909861,10.0589993269,1.00865675043,-0.0267654292981,0.0368710659174
33.6,-23.6756425309,-113.08169248,10.0470180765,0.956492830912,-0.0599062519266,-0.0607286937371
33.8,-22.5174433932,-111.439657874,10.0412836245,0.984833435272,-0.0286722598912,0.0330618000277
34.0,-21.4068736076,-109.766418554,10.032442154,0.923467300401,-0.0442073524832,-0.0715337066972
34.2,-20.1968448465,-108.165847961,10.0288744553,0.948541351389,-0.0178384934372,0.0292958715461
34.4,-19.0277409265,-106.536023143,10.0232835505,0.883721320547,-0.027954524191,-0.0756380920821
34.6,-17.7562301297,-104.986213859,10.0208447177,0.907396090429,-0.0121941640301,0.0276871088624
34.8,-16.5220639709,-103.407123283,10.0172063639,0.841885999275,-0.0181917690015,-0.0765012157536
35.0,-15.1876573998,-101.912755177,10.0154113866,0.863744755574,-0.00897488630895,0.025579788014
35.2,-13.886465238,-100.389850857,10.0135712262,0.800217255081,-0.00920080203041,-0.0742347124281
35.4,-12.4914729408,-98.9528884915,10.0118488521,0.82246941303,-0.00861187073734,0.0260494012406
35.6,-11.1290332608,-97.4854952874,10.0109753737,0.762097604511,-0.00436739156452,-0.0705847150135
35.8,-9.68066670222,-96.1030990238,10.0092756528,0.787638118334,-0.00849860467081,0.0299045038435
36.0,-8.26831562589,-94.6844065269,10.0082105414,0.72892098115,-0.00532555694037,-0.0686738817901
36.2,-6.77530372131,-93.3511823963,10.006988787,0.757941009824,-0.00610877199568,0.0339849793401
36.4,-5.32178268431,-91.9753664281,10.0059520994,0.699847578824,-0.00518343798996,-0.0679621478706
36.6,-3.79099134245,-90.6863974741,10.0054038149,0.729737806628,-0.0027414225204,0.0350111322819
36.8,-2.29948734554,-89.3523284927,10.2054038111,0.665949270297,0.999999980986,-0.0746128966473
37.0,-0.694522932546,-88.0913368547,10.4054038037,0.705257117535,0.999999962687,0.0451301658901
37.2,0.890105411122,-86.7423186395,10.461772987,0.639146754052,0.281845916794,-0.0743570280919
37.4,2.56943971553,-85.4942064429,10.6165280542,0.675963588321,0.773775336076,0.0412389605099
37.6,4.2258398607,-84.1657617598,10.7125480964,0.599988884709,0.480100210632,-0.0837111377748
37.8,5.99414280141,-82.9560294842,10.7488082588,0.636940015451,0.181300812152,0.040421384021
38.0,7.72237791722,-81.6774840044,10.6777853592,0.555407076653,-0.355114497706,-0.0887042568782
38.2,9.53693057195,-80.5514277579,10.6048759236,0.589059792342,-0.364547178056,0.0369363703703
38.4,11.3004438245,-79.3730573821,10.4423518069,0.507674913206,-0.812620583685,-0.0897393611864
38.6,13.1255104604,-78.3577543611,10.242351945,0.535711898705,-0.999999309348,0.0314704129292
38.8,14.8870013247,-77.3121058208,10.0423519457,0.463573491358,-0.999999996515,-0.0823939592377
39.0,16.6834984217,-76.4140237062,10.2423519452,0.481692221982,0.999999997439,0.0211514628912
39.2,18.4988779133,-75.4650093564,10.4423519126,0.407667461858,0.999999836884,-0.0845383643129
39.4,20.4161941768,-74.6369955375,10.6221399533,0.418582636835,0.898940203393,0.0122552869697
39.6,22.3572117325,-73.7734880761,10.7330031195,0.355745412354,0.554315831116,-0.0692504834806
39.8,24.369407531,-73.025850258,10.7653351193,0.397598165761,0.161659999262,0.0456891718797
40.0,26.3545216652,-72.1921719725,10.6949167096,0.332333025323,-0.352092048628,-0.0709637736053
40.2,28.3764679004,-71.4943301861,10.6174728157,0.378515257313,-0.38721946979,0.0505870880687
40.4,30.349649485,-70.7096113868,10.4587999718,0.322998707764,-0.793364219168,-0.0612309402065
40.6,32.3332400904,-70.0456624549,10.2588000557,0.357532973287,-0.999999580801,0.0386958486808
40.8,34.2552530454,-69.3276197376,10.0588000562,0.336979305817,-0.999999997066,-0.0234869024662
41.0,36.1538670977,-68.6624558304,10.2588000546,0.398152869863,0.999999991945,0.0711862307726
41.2,38.0451358321,-67.8669549085,10.4587991706,0.366144490051,0.999995579673,-0.0365667487965
41.4,39.9982425803,-67.1180669103,10.6161615317,0.445692003316,0.786811805471,0.0889427003142
41.6,41.9140617815,-66.20277886,10.7183172685,0.426475122502,0.510778683985,-0.0212208625271
41.8,43.865716267,-65.3160219758,10.7365202002,0.529291860217,0.0910146587431,0.112002755996
42.0,45.7191936204,-64.231800439,10.6576443117,0.524645158094,-0.394379442367,-0.00507446674767
42.2,47.5640355565,-63.1641050133,10.5539507621,0.639859979784,-0.518467748403,0.126081149479
42.4,49.25726787,-61.903787831,10.3739351152,0.666408617421,-0.900078234082,0.0294858832046
42.6,50.8881475794,-60.6212229927,10.1739351154,0.737257649648,-0.999999998995,0.0799056623417
42.8,52.3945307579,-59.2533165819,10.3193879534,0.920036967626,0.727264189983,0.207609771254
43.0,53.6448087006,-57.6112460063,10.2350151043,1.00744059087,-0.421864245542,0.0989843882866
43.2,54.7379622854,-55.8805708179,10.1108831169,1.21621610431,-0.620659937239,0.234758589332
43.4,55.4400554,-53.9841891173,10.0163581878,1.34097819125,-0.472624645266,0.143682309121
43.6,55.8964015694,-52.0335878183,9.92333725032,1.56979559122,-0.465104687532,0.261707068162
43.8,55.8983876964,-50.048921362,9.85531395827,1.74380373474,-0.340116460261,0.202775040853
44.0,55.5590778405,-48.107283561,9.82318488962,1.93794219705,-0.160645343243,0.226988649028
44.2,54.8538655437,-46.2735785489,10.0231848861,2.12402156802,0.999999982213,0.218557445287
44.4,53.800560912,-44.5679646526,10.2231847912,2.27321251525,0.999999525598,0.172781598645
44.6,52.4795949731,-43.0073271933,10.2320888676,2.41238215923,0.0445203819684,0.158278937281
44.8,50.9535798736,-41.6438376921,10.1910587074,2.53111119736,-0.205150800844,0.135221928368
45.0,49.2835260138,-40.4754083154,10.154652765,2.63241111713,-0.182029711839,0.116023975994
45.2,47.510231653,-39.4854052744,10.1209023561,2.72680710089,-0.168752044658,0.108565122977
45.4,45.657696094,-38.6696733436,10.0924618714,2.80174460496,-0.142202423707,0.0865974945598
45.6,43.7546507281,-37.9968213538,10.0663398888,2.89276509806,-0.130609912896,0.105352290874
45.8,41.8033877337,-37.5010182913,10.0451535549,2.94789489456,-0.105931669667,0.0641256516357
46.0,39.8319275678,-37.1143023594,10.0251341491,3.04604429764,-0.100097028735,0.114065593786
46.2,37.8360462115,-36.9230167091,10.0093953103,3.08920457144,-0.0786941942156,0.0504357384012
46.4,35.836913611,-36.8181900694,9.99246358961,3.19307904276,-0.0846586032945,0.121083265677
46.6,33.8410691584,-36.9210397893,9.98096409323,3.2334402445,-0.0574974819067,0.0473238412288
46.8,31.8532903436,-37.1041276162,10.1809640872,3.35803894,0.999999970056,0.145338536378
47.0,29.8646083979,-37.5414207774,10.3809640556,3.40945851074,0.999999841639,0.0591487414718
47.2,27.8624568908,-38.0909350461,10.4099834135,3.50635926955,0.1450967896,0.109012726814
47.4,25.9174409284,-38.8336483776,10.3633532394,3.52928211649,-0.233150870645,0.0258127869419
47.6,23.9985934712,-39.6172222736,10.3135974771,3.62857922321,-0.248778811335,0.111874720771
47.8,22.1756712048,-40.5825026099,10.2698468718,3.64992567763,-0.218753026493,0.0242629269701
48.0,20.3814117272,-41.5822141272,10.2352115223,3.74156562756,-0.173176747618,0.10424531678
48.2,18.6918835708,-42.7380154963,10.2025475697,3.75794510654,-0.163319763062,0.0187613960764
48.4,17.0268433339,-43.9175578168,10.1792659046,3.83803586396,-0.1164083255,0.0917835161462
48.6,15.4650819475,-45.2235438605,10.1549665982,3.84160256062,-0.121496531886,0.0041082808367
48.8,13.911705537,-46.531961069,10.1372179775,3.91419009837,-0.0887431032421,0.083614702951
49.0,12.4598530221,-47.9471118765,10.1189170953,3.90812378347,-0.0915044110914,-0.00701636042655
49.2,11.002079026,-49.3508904572,10.1078223509,3.97025374937,-0.0554737218418,0.0718673000569
49.4,9.63577804614,-50.8408382884,10.0932808318,3.95453275476,-0.0727075956175,-0.0182342176262
49.6,8.24822247534,-52.3070109439,10.0862543311,4.0047271681,-0.0351325037686,0.0582430900777
49.8,6.9368908012,-53.8398874222,10.0740067095,3.96951344576,-0.0612381075824,-0.0409121656447
50.0,5.57406182031,-55.323842144,10.0667216876,4.01559811872,-0.0364251097198,0.0535859779163
50.2,4.28197818012,-56.8678872496,10.0577302527,3.97223131483,-0.0449571746941,-0.0504676720483
50.4,2.92538280499,-58.3531368924,10.0518308312,4.01620371573,-0.0294971071535,0.0512168744037
50.6,1.63614435813,-59.8956790635,10.0453420476,3.96951563525,-0.0324439183145,-0.0544057624667
50.8,0.277196421946,-61.3754143036,10.0410046903,4.01157454587,-0.021686786162,0.0490521024058
51.0,-1.01777264891,-62.9103169433,10.0361968762,3.96320654575,-0.0240390709358,-0.0564199442838
51.2,-2.38478361301,-64.3801097632,10.0327618388,4.00411684208,-0.0171751869252,0.0477579795912
51.4,-3.69009098378,-65.9040602454,10.0290737986,3.95492688183,-0.0184402006059,-0.0574236895856
51.6,-5.0682455191,-67.3614493243,10.0263363235,3.99531082211,-0.0136873755142,0.0471778708724
51.8,-6.38607749375,-68.872877685,10.0235327257,3.94606112668,-0.0140179893714,-0.057530034278
52.0,-7.77633001183,-70.3171928404,10.0213049092,3.98659004428,-0.011139082282,0.0473731202594
52.2,-9.10662463544,-71.8163186849,10.019136214,3.93756117827,-0.0108434758551,-0.057301333935
52.4,-10.5084882342,-73.2481364349,10.0174724437,3.97789536963,-0.00831885182436,0.0471665056111
52.6,-11.8512531096,-74.7350704133,10.0157117138,3.92902515343,-0.00880364955498,-0.0571381232908
52.8,-13.2648042084,-76.154384521,10.0143289231,3.96951377409,-0.00691395337298,0.0473629891305
53.0,-14.6195593912,-77.6295488324,10.0135161439,3.92270113178,-0.00406389595596,-0.0547545025816
53.2,-16.0417461077,-79.0395861249,10.0119036546,3.96509104009,-0.00806244659615,0.049594379142
53.4,-17.4026826074,-80.5083885061,10.0113485282,3.92036912745,-0.00277563204115,-0.0523262887258
53.6,-18.8278450966,-81.9148009114,10.0096078157,3.96534502605,-0.00870356222478,0.0526258274472
53.8,-20.1880965053,-83.3836120123,10.0091406358,3.9220548849,-0.00233589975425,-0.0506655728531
54.0,-21.6105723198,-84.7921141982,10.0083660815,3.96703208408,-0.00387277158769,0.0526389339449
54.2,-22.9681753871,-86.2630355342,10.0070222538,3.92201568969,-0.00671913824107,-0.0526887909065
54.4,-24.3904053358,-87.6711838745,10.0077064659,3.96271751117,0.00342106066482,0.0476532932447
54.6,-25.7542522523,-89.1361375041,10.0057033344,3.91362927561,-0.010015657593,-0.057448352317
54.8,-27.188052365,-90.5321250418,10.0061981158,3.95065481327,0.00247390701288,0.0433605024878
55.0,-28.5692627156,-91.980302516,10.0041562695,3.89784075803,-0.0102092318345,-0.0618072973631
55.2,-30.0246987114,-93.3532671072,10.2041562681,3.9318550213,0.999999993189,0.0398440564572
55.4,-31.4607478224,-94.8033550895,10.4041562609,3.86586799095,0.999999963829,-0.0756770430789
55.6,-33.0192483452,-96.182099018,10.4621674652,3.89787473576,0.290056021859,0.0360544812816
55.8,-34.5412684578,-97.6179725151,10.6052947217,3.81673220327,0.715636282388,-0.0906873845539
56.0,-36.197008938,-98.943647629,10.7034532828,3.84208044692,0.490792805679,0.0280171739483
56.2,-37.8336265658,-100.323516908,10.7297672189,3.74592217788,0.131569680025,-0.104948681662
56.4,-39.5994957183,-101.542870146,10.6581817856,3.76352124703,-0.3579271662,0.0192290893051
56.6,-41.3319967315,-102.784769417,10.5772890962,3.66017223562,-0.404463447181,-0.113207497367
56.8,-43.1693227908,-103.833289677,10.4125410133,3.67046381253,-0.823740414456,0.0114077911278
57.0,-44.9673128657,-104.884038032,10.2125410136,3.58445249355,-0.999999998315,-0.0965515530202
57.2,-46.8127799882,-105.759304196,10.4125409663,3.53850377094,0.999999763263,-0.0527047906028
57.4,-48.7333928818,-106.564342386,10.4331162096,3.46386678715,0.102876216436,-0.0838476273373
57.6,-50.7125917466,-107.225226951,10.5758214564,3.45235542132,0.713526233958,-0.0129360425833
57.8,-52.7264409458,-107.872012372,10.6646479578,3.35314628299,0.444132507048,-0.109548949827
58.0,-54.8118187173,-108.319883105,10.6977213116,3.33393311199,0.165366769127,-0.0211203345761
58.2,-56.9119087768,-108.728871359,10.6295860362,3.23885622605,-0.340676377013,-0.103832152182
58.4,-59.0277781054,-108.935319794,10.5517476628,3.2406122865,-0.389191866835,0.00193702586321
58.6,-61.1277902184,-109.143944516,10.3847555062,3.13924566221,-0.834960782921,-0.112164853458
58.8,-63.2047355994,-109.139069935,10.184755507,3.14153512788,-0.999999996102,0.00258493569686
59.0,-65.2416866974,-109.138952758,10.384755452,3.02678481771,0.999999724789,-0.13134352104
59.2,-67.304964837,-108.901025982,10.3809476009,3.01544783546,-0.0190392554505,-0.0127994210842
59.4,-69.3646575515,-108.639819462,10.3436933775,2.90935755864,-0.1862711167,-0.119257493988
59.6,-71.3778597207,-108.163692659,10.2989723391,2.90024314552,-0.223605192148,-0.0103311929222
59.8,-73.3779537419,-107.671374513,10.2466539729,2.78427432508,-0.26159183116,-0.131267034424
60.0,-75.297844994,-106.954594013,10.2056891939,2.76035698327,-0.20482389503,-0.0273612097883
60.2,-77.1924405486,-106.195152533,10.1527029508,2.631635202,-0.264931215264,-0.14682032529
60.4,-78.9646258713,-105.203964221,10.1099429413,2.58329391768,-0.213800047737,-0.0557697595375
60.6,-80.6795908039,-104.132827847,10.0439300333,2.43333357374,-0.330064540057,-0.172194087106
60.8,-82.20525477,-102.826087367,9.98746040051,2.34728659646,-0.282348163761,-0.100112997973
61.0,-83.6050572259,-101.40112151,9.90269609593,2.1666599267,-0.423821522895,-0.208955440317
61.2,-84.7165828425,-99.7619002304,9.83565390868,2.03419866739,-0.335210936246,-0.155569614104
61.4,-85.595878907,-98.0022292545,9.7540034484,1.80736364113,-0.40825230144,-0.264092185025
61.6,-86.0530820846,-96.1057618581,9.95400344617,1.56825082823,0.999999988883,-0.279885593578
61.8,-86.0480145098,-94.1149676187,10.0640182392,1.37431874936,0.550073965205,-0.224582545514
62.0,-85.6550832405,-92.1408897219,10.0424570608,1.17874605739,-0.107805892166,-0.224025759775
62.2,-84.8876709535,-90.2847873178,9.99597341884,1.01342758817,-0.232418209695,-0.190671644497
62.4,-83.8301869055,-88.5881710171,9.97595444014,0.868129231702,-0.100094893501,-0.168808971078
62.6,-82.5407842189,-87.0655983944,9.96441284917,0.750948175509,-0.0577079548732,-0.136864921137
62.8,-81.0839029071,-85.7057904004,10.1644128481,0.655134466937,0.999999994607,-0.112268714292
63.0,-79.4718961288,-84.4672244197,10.3644128402,0.588487879504,0.999999960677,-0.0767282047581
63.2,-77.7477117651,-83.3165592118,10.4379717155,0.541960146083,0.367794376574,-0.0525871279251
63.4,-75.9592712515,-82.239744153,10.5955108203,0.512741026705,0.787695523747,-0.0328101321276
63.6,-74.1126790059,-81.2001812351,10.7007889741,0.500209951622,0.526390769145,-0.0138660081008
63.8,-72.234729307,-80.1737406304,10.7413562831,0.467131473178,0.202836544991,-0.0362286800874
64.0,-70.3166158095,-79.2063162133,10.6734119414,0.496216147882,-0.339721708525,0.0317374543477
64.2,-68.4393967159,-78.1899907864,10.5971671748,0.443880359,-0.381223832939,-0.0574289057406
64.4,-66.5253532137,-77.2798064332,10.4315150726,0.487876487032,-0.828260511155,0.0486401426566
64.6,-64.682458653,-76.3018494266,10.2315151879,0.435566671071,-0.999999423615,-0.0587285058797
64.8,-62.8272166881,-75.4384645917,10.4315151818,0.485417684668,0.999999969801,0.0570656944776
65.0,-60.9819230783,-74.46504184,10.6315150018,0.431275663227,0.999999099879,-0.0607805549098
65.2,-59.0503187896,-73.576183403,10.8315121294,0.49146935241,0.999985638145,0.0662875398674
65.4,-57.1404190716,-72.5538579814,10.7762968688,0.436040805252,-0.276076303356,-0.0599289819146
65.6,-55.1868252807,-71.6435754603,10.6960022784,0.50033881688,-0.401472951622,0.0698447612974
65.8,-53.3098478585,-70.6173521191,10.6213728486,0.447903965138,-0.373147149315,-0.057416115696
66.0,-51.3951184734,-69.697377212,10.4577822614,0.511178119769,-0.817952935773,0.0697354731597
66.2,-49.5709282533,-68.6741771173,10.2577826881,0.467554525898,-0.999997866395,-0.0488707220998
66.4,-47.7395588312,-67.7495310949,10.0577826953,0.525886546821,-0.999999963975,0.0665769731304
66.6,-45.9998053146,-66.7397700283,10.2577826946,0.489239780099,0.999999996139,-0.042695515519
66.8,-44.188916088,-65.7756308053,10.4577825082,0.554953619774,0.999999068347,0.0749724026273
67.0,-42.4112501812,-64.6735815672,10.6353782913,0.516253872822,0.887978915364,-0.0433619751321
67.2,-40.5613868019,-63.6236023607,10.830397151,0.589135060593,0.975094298537,0.0801758146349
67.4,-38.7604616049,-62.420037434,10.7701770394,0.544866104117,-0.30110055797,-0.0478889790989
67.6,-36.9183376385,-61.3035931538,10.6911256907,0.618643608129,-0.395256743876,0.0801461542719
67.8,-35.176398705,-60.0635707778,10.6154736327,0.573842637183,-0.378260289713,-0.0490939224076
68.0,-33.3933788408,-58.9110208301,10.4541409251,0.644861790646,-0.806663537991,0.0782817583835
68.2,-31.7224248119,-57.6542491195,10.2541409847,0.605062828347,-0.999999702196,-0.0446075179035
68.4,-30.0356876064,-56.487709839,10.0541409855,0.666916051789,-0.999999995809,0.0706079076761
68.6,-28.4557134861,-55.243880342,10.2541409834,0.633240697579,0.999999989273,-0.0392515612556
68.8,-26.8025121064,-54.0302817715,10.4541408772,0.701203975283,0.999999468984,0.0775560899898
69.0,-25.2049813628,-52.6814089152,10.6327430544,0.664865883169,0.893010886408,-0.0407329947418
69.2,-23.5313885926,-51.3694271188,10.8286448951,0.738869228031,0.97950920335,0.0814249686455
69.4,-21.9304155633,-49.910911651,10.7680717357,0.694996164736,-0.302865797241,-0.0474690266408
69.6,-20.2763188024,-48.5317747246,10.6907782397,0.767246157352,-0.386467480043,0.0785089469954
69.8,-18.7372209304,-47.0475620325,10.6140410825,0.721261346729,-0.383685786035,-0.0503906690971
70.0,-17.143048387,-45.6458029142,10.455843484,0.785514087404,-0.790987992011,0.0708591639899
70.2,-15.6645402453,-44.1669519435,10.255843653,0.750628045245,-0.999999155199,-0.0391006587946
70.4,-14.1646013182,-42.767853528,10.0558436613,0.790740091557,-0.999999958393,0.0458260177753
70.6,-12.7501073392,-41.3381659912,10.2558436597,0.744227670149,0.999999992002,-0.0541798808059
70.8,-11.2412444398,-39.9486963378,10.4558435013,0.796891946028,0.999999207946,0.0601358727246
71.0,-9.77965778947,-38.4531191928,10.6340255728,0.744392547121,0.890910357371,-0.0588040339169
71.2,-8.21539347278,-37.0121552297,10.8303223491,0.802660473837,0.981483881281,0.0641576225689
71.4,-6.71042110919,-35.4543062408,10.770926095,0.744319774254,-0.296981270084,-0.0630763567032
71.6,-5.12591252768,-33.9949068736,10.6922470465,0.803232336771,-0.393395242868,0.0640432542337
71.8,-3.64100675171,-32.4560694187,10.6170641921,0.744326723222,-0.375914272,-0.0645056271716
72.0,-2.07914275758,-31.017506613,10.4554931016,0.80117899747,-0.807855452441,0.0627027466888
72.2,-0.624029900739,-29.5157276633,10.2554931815,0.747621477037,-0.999999600193,-0.0599884172664
72.4,0.88005732485,-28.1211928901,10.0554931852,0.796492094366,-0.999999981563,0.0558152412537
72.6,2.28625537099,-26.6834429873,10.2554931841,0.745512336081,0.999999994288,-0.0593740250468
72.8,3.79328051973,-25.2920836451,10.4554931021,0.800199826591,0.999999590262,0.0624423640343
73.0,5.24986317706,-23.7917302192,10.6337035275,0.746247402868,0.891052126664,-0.0604296662802
73.2,6.81140473226,-22.3479109785,10.8304780452,0.805724782,0.983872588579,0.0654875380314
73.4,8.3116178748,-20.7854351501,10.7715330413,0.746930166377,-0.294725019529,-0.0635648910321
73.6,9.89240053024,-19.3218221006,10.6932012845,0.806755201593,-0.391658783875,0.065028766882
73.8,11.3720080238,-17.7776252823,10.618131318,0.747679025935,-0.375349832494,-0.0646861274056
74.0,12.929197251,-16.3336896126,10.4566457927,0.805214138754,-0.80742762665,0.0634474858272
74.2,14.3783981407,-14.8258851059,10.25664613,0.751702015171,-0.999998313207,-0.0599310997168
74.4,15.8769508598,-13.4250670087,10.0566461414,0.801139817807,-0.999999943355,0.0564553235115
74.6,17.2766119441,-11.9806314394,10.2566461357,0.749736587503,0.999999971668,-0.0598592057121
74.8,18.7779149745,-10.5827613421,10.4566458006,0.804329181104,0.999998324305,0.0623273022434
75.0,20.2284496408,-9.07623990593,10.6344146121,0.749415221934,0.888844057877,-0.0614971855062
75.2,21.7855137257,-7.62738435712,10.8314527846,0.8078747858,0.985190862434,0.0643657006302
75.4,23.2824987905,-6.06154576622,10.772058143,0.747363050807,-0.296973208321,-0.0654102411604
75.6,24.8627247533,-4.59717717464,10.6942246364,0.804953170827,-0.38916753292,0.0626028746583
75.8,26.3452543993,-3.05550163438,10.6188437812,0.74348539814,-0.376904275884,-0.0672906668327
76.0,27.9085901356,-1.61801246722,10.4572975148,0.798311553013,-0.807731331876,0.06046356066
76.2,29.3682551382,-0.120153684618,10.2572975277,0.741914751102,-0.999999935496,-0.0631495157588
76.4,30.880542081,1.26601885353,10.0572975328,0.788287090384,-0.99999997449,0.0529581292259
76.6,32.2987438397,2.69243853871,10.2572975308,0.732541921255,0.999999989871,-0.0648975774144
76.8,33.8239565254,4.06437598946,10.4572973909,0.784002065944,0.99999930038,0.0587557987659
77.0,35.3049049309,5.54119506066,10.6338615128,0.724968480645,0.882820609568,-0.0660936172988
77.2,36.8968372222,6.95148297698,10.8306846401,0.780231921848,0.984115636653,0.0608587647943
77.4,38.4364199385,8.47523960147,10.7707121214,0.714904615643,-0.29986259347,-0.0706039842008
77.6,40.0631330269,9.88737773632,10.6941610703,0.764428717818,-0.382755255357,0.0538598096638
77.8,41.6068947947,11.3677164963,10.6117379103,0.691557967985,-0.412115800185,-0.0797256101135
78.0,43.2416401824,12.7212181685,10.4518730051,0.726258532506,-0.79932452626,0.0383221797243
78.2,44.8045385446,14.1093877121,10.2518730646,0.682033170679,-0.999999702103,-0.0495717417882
78.4,46.3962293252,15.4018878136,10.0518730653,0.644136708443,-0.999999996452,-0.0433148262991
78.6,48.0037620148,16.6091345724,10.2518730651,0.590169790961,0.999999998825,-0.062866719238
78.8,49.7073079748,17.7501723526,10.4465597,0.543086903615,0.973433174213,-0.0537964327403
79.0,51.4960045086,18.8298894881,10.604365404,0.494311293903,0.789028520224,-0.0546901320825
79.2,53.3629998735,19.8360857574,10.695531805,0.415527811532,0.455832005119,-0.0868897328637
79.4,55.3200755235,20.6995849895,10.7221920867,0.374997532698,0.133301408395,-0.0444022028085
79.6,57.3154937535,21.4850289488,10.6404059833,0.281626961218,-0.40893051685,-0.101750576263
79.8,59.3597382266,22.0764628959,10.5559177872,0.265356253566,-0.422440980745,-0.0179272867606
80.0,61.3970285302,22.6301272634,10.3785239126,0.154881468415,-0.886969373152,-0.122099610656
80.2,63.4478867586,22.9503316846,10.1785239128,0.144125059776,-0.999999998665,-0.0121513121674
80.4,65.4624852508,23.2427130737,10.3785230911,0.00849366829877,0.999995891591,-0.154985588548
80.6,67.5381149964,23.2603432082,10.3446500443,-0.0192767024302,-0.169365234058,-0.031362923942
80.8,69.606660619,23.22046353,10.2912381698,-0.153088963147,-0.267059372605,-0.150520500297
81.0,71.6408365375,22.9065978656,10.237510566,-0.193728450054,-0.268638018968,-0.0462682823912
81.2,73.6500365614,22.5124149546,10.1666597955,-0.343413952467,-0.354253852508,-0.169784034293
81.4,75.5646436191,21.8277846377,10.1066368241,-0.41303293895,-0.300114857148,-0.0801182816093
81.6,77.4159928131,21.0164459431,10.0175468237,-0.584902753636,-0.445450002111,-0.196810024242
81.8,79.086450364,19.9102717501,9.93596612211,-0.702785459237,-0.407903507713,-0.137109681214
82.0,80.6027677815,18.6258581093,9.82251567279,-0.906525636302,-0.567252246621,-0.235946692555
82.2,81.8138546197,17.0790739499,9.7278770609,-1.0881732355,-0.473193059445,-0.213524843545
82.4,82.7168044428,15.3557210256,9.62297382578,-1.35850148999,-0.524516175594,-0.314979132786
82.6,83.1223238162,13.474333493,9.82297382508,-1.65292241664,0.999999996495,-0.344434145268
82.8,82.9611606387,11.5163603009,9.89645341209,-1.88408478064,0.367397935041,-0.269223575838
83.0,82.3511656434,9.63341109523,9.91762381461,-2.10725023858,0.10585201262,-0.258484329183
83.2,81.3374034833,7.92851908458,9.89377476678,-2.2884213321,-0.119245239149,-0.210999430895
83.4,80.0361796095,6.43778517288,10.0937747643,-2.44594052192,0.99999998751,-0.184550077936
83.6,78.4865107882,5.14399303194,10.2937747624,-2.55621414712,0.999999990753,-0.127400836732
83.8,76.7705323279,4.00650022839,10.3907914575,-2.64308908412,0.485083475225,-0.0986327527676
84.0,74.945287966,3.01290830807,10.3630789611,-2.6961632386,-0.138562481872,-0.0598175862811
84.2,73.074906132,2.11993125518,10.3275702469,-2.72051416117,-0.177543571177,-0.0275441651764
84.4,71.1898175381,1.27566276624,10.288164228,-2.70878596226,-0.197030094432,0.0133143617586
84.6,69.321914607,0.412649691515,10.250439382,-2.68600930363,-0.188624229697,0.0259517986024
84.8,67.4809264377,-0.489360763953,10.2082168354,-2.62893442399,-0.211112733479,0.065192779603
85.0,65.7017491093,-1.49077759636,10.1683531179,-2.59082966034,-0.199318587425,0.043738629272
85.2,63.9688065792,-2.55507379227,10.1156609738,-2.48187441733,-0.26346072011,0.124980097027
85.4,62.3701984211,-3.79503985407,10.0712291236,-2.42777365075,-0.222159251258,0.0626258620582
85.6,60.8476964789,-5.1138173479,10.008866563,-2.28177711264,-0.311812802784,0.168361250101
85.8,59.5413847594,-6.63060543024,9.96232537035,-2.19696018424,-0.232705963412,0.0990347020909
86.0,58.373719089,-8.24506321958,9.8967562502,-2.01640982558,-0.327845600785,0.209381437399
86.2,57.5205958391,-10.0311237145,9.85107679256,-1.90103482526,-0.228397288156,0.13584654509
86.4,56.8817167669,-11.8948785509,10.0510767885,-1.65549338922,0.999999979602,0.284331264334
86.6,56.7116609201,-13.897887985,10.1350671502,-1.49717127583,0.41995180865,0.182631374005
86.8,56.8607650951,-15.919410033,10.1393431326,-1.30806826852,0.0213799118721,0.215375291044
87.0,57.3874349426,-17.8776924535,10.0730796138,-1.1561349031,-0.331317593897,0.173918673703
87.2,58.1990835477,-19.7215752746,10.0319217478,-1.00199493253,-0.205789330058,0.17752908423
87.4,59.2797674104,-21.4120487429,9.99181361915,-0.871009002526,-0.200540643236,0.151912826788
87.6,60.5668229331,-22.9407546196,9.9675058344,-0.744632842585,-0.121538923751,0.147224447077
87.8,62.0327176525,-24.2917540918,9.94963700377,-0.637948979245,-0.0893441531402,0.12484196946
88.0,63.6312640032,-25.4768535074,10.1496370034,-0.516565393711,0.999999998176,0.142078856417
88.2,65.3963277867,-26.4794277403,10.3496369872,-0.44062367014,0.99999991918,0.0875048906586
88.4,67.2685478107,-27.362259328,10.3812956322,-0.347119373445,0.158293224661,0.105536506659
88.6,69.2209717307,-28.0685827643,10.3366682277,-0.302669749737,-0.223137022382,0.050160854128
88.8,71.1943329071,-28.6847922007,10.2873967185,-0.208061020998,-0.246357546104,0.106906604091
89.0,73.2074391603,-29.1097915693,10.2446702501,-0.18589257562,-0.213632341831,0.0252609809144
89.2,75.2210735043,-29.4884833567,10.205270244,-0.0854530698923,-0.197000030526,0.114450411216
89.4,77.2546799666,-29.6626854997,10.1734864787,-0.0606315145486,-0.158918826397,0.0285101591507
89.6,79.2856384506,-29.7859767058,10.1466256864,0.035305700659,-0.134303961469,0.110120875779
89.8,81.31369895,-29.7143448436,10.122792199,0.054043807699,-0.119167437398,0.0216495597032
90.0,83.3353015119,-29.6049832507,10.103116705,0.146220023585,-0.0983774697992,0.106362696727
90.2,85.3343625495,-29.3105793545,10.085750769,0.166279538385,-0.086829679779,0.0232755241325
90.4,87.3236909192,-28.9767120452,10.073832282,0.248464209141,-0.0595924353526,0.0952531128877
90.6,89.2765863953,-28.4812495004,10.0610395208,0.255498243035,-0.0639638059582,0.00818677565089
90.8,91.2234729925,-27.9727092096,10.051162888,0.334530885459,-0.0493831641139,0.0918444547056
91.0,93.1222671936,-27.3126973932,10.0419500721,0.3378190008,-0.0460640794948,0.00383567192575
91.2,95.017142518,-26.6470563825,10.0360790678,0.410927339196,-0.0293550214931,0.0851550058623
91.4,96.8572591856,-25.8452546791,10.0293995457,0.405432922331,-0.0333976100414,-0.00641895629889
91.6,98.7005258838,-25.0541022984,10.0253296326,0.474481653549,-0.0203495658846,0.0805476683543
91.8,100.484091499,-24.1380329429,10.0204979722,0.463977990198,-0.024158301777,-0.0122838113902
92.0,102.276316465,-23.2411801912,10.0186907657,0.527438441575,-0.00903603275952,0.0741191441222
92.2,104.007744983,-22.2326555894,10.0150466658,0.508394376759,-0.018220499524,-0.0222838197212
92.4,105.75742814,-21.2576400816,10.0134988345,0.568808058982,-0.00773915614181,0.0706110313001
92.6,107.444789984,-20.1789295724,10.0109867601,0.545428407816,-0.012560372101,-0.0273688513745
92.8,109.156478747,-19.1402208483,10.0101325081,0.60298163855,-0.00427125984907,0.0673052889435
93.0,110.80544465,-18.0048699928,10.0083609196,0.573496067948,-0.00885794294646,-0.0345231151042
93.2,112.486867787,-16.9188185366,10.0072996677,0.630114008293,-0.00530625915827,0.066232061193
93.4,114.103968027,-15.7394845381,10.0063068422,0.599654001496,-0.0049641276083,-0.0356731667268
93.6,115.756071188,-14.6100589267,10.2063068366,0.658351512737,0.999999971996,0.0686713042835
93.8,117.370712752,-13.361187201,10.4063068235,0.615230239307,0.999999934292,-0.0494972345477
94.0,119.070355254,-12.1599943632,10.4647831704,0.674721069222,0.292381734622,0.0669294247945
94.2,120.704705792,-10.8525671984,10.6179305663,0.627510713547,0.765736979808,-0.0528463911801
94.4,122.423730814,-9.60574284998,10.7176013585,0.690723691658,0.498353960955,0.0696907806556
94.6,124.075924422,-8.24011645995,10.7534890587,0.637102883812,0.179438500848,-0.0585937367877
94.8,125.804703786,-6.9607326296,10.6862882478,0.700245036671,-0.336004054382,0.0687381879239
95.0,127.439031172,-5.58347293808,10.6133421367,0.644843515878,-0.364730555738,-0.0607118687263
95.2,129.135454693,-4.30759344181,10.453157062,0.704263371195,-0.800925373416,0.0655495380369
95.4,130.72870128,-2.95396682545,10.2531570907,0.655696603994,-0.999999856705,-0.0544221274687
95.6,132.354079712,-1.70367319406,10.053157091,0.703574194215,-0.999999998471,0.0546958199964
95.8,133.887256033,-0.402900705089,10.2531570893,0.652175166225,0.999999991845,-0.0598750472343
96.0,135.51702721,0.841661516828,10.4531570721,0.706678529188,0.999999913806,0.0622468124736
96.2,137.106999932,2.19913212514,10.632331547,0.65296138734,0.895872374656,-0.0601801880181
96.4,138.796026857,3.49104814842,10.8291046458,0.712859203644,0.983865493848,0.0659576090842
96.6,140.434459677,4.90749376848,10.7707063891,0.655172014676,-0.291991283433,-0.0623786357246
96.8,142.142571208,6.22000267897,10.6917693207,0.716840811454,-0.394685342097,0.0670321244578
97.0,143.754644313,7.62491461666,10.6177137542,0.661266687209,-0.370277832519,-0.0608694067232
97.2,145.430576043,8.92901839001,10.454778615,0.72153508402,-0.814675695915,0.0664555851669
97.4,147.000450195,10.3101740586,10.2549460642,0.676706964245,-0.99916275406,-0.0502322968149
97.6,148.599481655,11.5945630738,10.0549460685,0.730905627023,-0.999999978347,0.0618889425159
97.8,150.096804219,12.9369872828,10.2549460648,0.704018831398,0.999999981503,-0.031342231323
98.0,151.660164625,14.2645643959,10.4549455922,0.777931411399,0.99999763716,0.0843076852687
98.2,153.149715877,15.7320358819,10.6269159228,0.760401290624,0.859851652995,-0.0196571268373
98.4,154.689682443,17.1968760289,10.8082287244,0.8564785342,0.906564007642,0.105610543879
98.6,156.105781184,18.8300865737,10.7415225159,0.843676515141,-0.333531042334,-0.0138870140564
98.8,157.533803505,20.4350677226,10.6448920388,0.954436122508,-0.483152385562,0.12031663559
99.0,158.764499854,22.1722883642,10.5618510903,0.953338963531,-0.415204742607,-0.00120848409668
99.2,159.987485927,23.8946161505,10.387781327,1.05565734332,-0.870348816191,0.113101688331
99.4,161.011006072,25.7025560136,10.1877813276,1.07302197417,-0.999999997429,0.0195974698199
99.6,161.983880433,27.4928495686,10.3877807266,1.21960657547,0.999996995029,0.16712885776
99.8,162.698591293,29.4436001736,10.3464990205,1.2597463509,-0.206408530274,0.0452760069912
100.0,163.331917871,31.4135999516,10.2928918491,1.39859173788,-0.26803585698,0.156064738055
100.2,163.684665043,33.4417307011,10.2368092355,1.44497094125,-0.280413067877,0.0527831301027
100.4,163.941595927,35.4729069746,10.1729611534,1.59740249341,-0.319240410607,0.172849284139
100.6,163.887469613,37.506779116,10.1246338888,1.67813379185,-0.241636322844,0.0927809285129
100.8,163.670536227,39.5200521628,10.0906691682,1.81304245462,-0.169823603057,0.1549803538
101.0,163.186418666,41.479259747,10.0573824592,1.89633442219,-0.166433545308,0.0964818210647
101.2,162.543110937,43.3850910206,10.0374362725,2.00709796074,-0.0997309335291,0.128418653076
101.4,161.694765981,45.204518379,10.0181168086,2.06988816921,-0.0965973193432,0.073215828828
101.6,160.735775022,46.9637349421,10.003356004,2.17100251203,-0.0738040230068,0.117794309491
101.8,159.605770653,48.6147271827,9.99199013892,2.21858279681,-0.056829325345,0.0557114576562
102.0,158.399891781,50.2082926266,9.9856661592,2.30981828775,-0.0316198985983,0.106653128525
102.2,157.05469206,51.6844290895,10.1856661578,2.3659589476,0.999999993034,0.0658241782987
102.4,155.600224816,53.1107659502,10.3856661519,2.43299865761,0.999999970228,0.0770186008341
102.6,154.023104068,54.4624954354,10.4400184063,2.43709802214,0.27176127212,0.00462798488676
102.8,152.432172735,55.8147886231,10.5894407178,2.51428265805,0.747111557692,0.0864685498382
103.0,150.717510617,57.0579233753,10.68685434,2.51319745538,0.48706811097,-0.00120157386249
103.2,148.988437585,58.3143710176,10.7316944723,2.58018920051,0.224200661386,0.0733675526824
103.4,147.171542862,59.4570276654,10.6613318984,2.54649511791,-0.351812869572,-0.0367961279669
103.6,145.405826239,60.6523538642,10.5886087361,2.61550486814,-0.363615811301,0.0757495521547
103.8,143.574466601,61.7157762993,10.4260340574,2.58762268872,-0.812873393402,-0.0308647475958
104.0,141.801117567,62.8127360286,10.2313782013,2.63747637184,-0.973279280772,0.0560062564307
104.2,140.009395174,63.8011564167,10.4313781825,2.59504873578,0.999999906073,-0.0485831497566
104.4,138.227035911,64.8854725559,10.6313780823,2.65504047755,0.999999498973,0.0673295449226
104.6,136.347514056,65.879678568,10.8313780603,2.60429132833,0.999999890214,-0.055911247082
104.8,134.486481751,66.9884205506,10.7796376891,2.66880318768,-0.258701856123,0.069721093553
105.0,132.567056208,67.9701685495,10.700730091,2.61721265485,-0.394537990552,-0.0560561766246
105.2,130.714471919,69.0416891671,10.6230062705,2.68479550119,-0.38861910226,0.0739169360961
105.4,128.807706463,69.9787996098,10.4612579581,2.63928233693,-0.808741562172,-0.0501923497376
105.6,126.973905279,70.986117802,10.2612580622,2.69181780591,-0.999999479545,0.05881395647
105.8,125.125760324,71.8783604292,10.0612580747,2.67322440304,-0.999999937344,-0.0212425079707
106.0,123.330215937,72.7867529204,10.2612580743,2.76756828508,0.999999998033,0.109504889177
106.2,121.41984771,73.5365728515,10.4381923231,2.75373837399,0.884671243923,-0.0158013968832
106.4,119.487273377,74.3261238673,10.5801326983,2.86729610869,0.709701876041,0.126871853143
106.6,117.450352415,74.8992916521,10.6743101519,2.8729553933,0.470887267996,0.00627158883852
106.8,115.392060442,75.4659220794,10.6898372922,3.00427451241,0.077635701355,0.143256963302
107.0,113.274218377,75.7585820234,10.6084485898,3.01984159234,-0.406943512149,0.0170728770418
107.2,111.168234487,76.0162622827,10.424234621,3.15611343873,-0.921069844,0.149490983694
107.4,109.083607358,75.9859897323,10.2242346331,3.18590101663,-0.999999939175,0.033492027368
107.6,107.040767356,75.8954155555,10.0242346381,3.2968492214,-0.999999975116,0.126553769933
107.8,105.060034949,75.5853988854,10.2242346313,3.4371495406,0.999999966002,0.162654652608
108.0,103.103852413,74.9897909316,10.2779018679,3.53088959646,0.26833618292,0.107088452181
108.2,101.202078527,74.2096199499,10.1350795027,3.71377800651,-0.714111826006,0.205687897888
108.4,99.4979263693,73.1120504149,9.96842394172,3.87819522261,-0.833277804911,0.187964468215
108.6,98.0210941166,71.772742559,9.77548799389,4.10214056712,-0.964679739131,0.257557283737
108.8,96.9006842753,70.1705289627,9.62498968182,4.37551005928,-0.752491560359,0.316841043994
109.0,96.2643895651,68.3537334055,9.50977631827,4.68834718617,-0.57606681773,0.364101668945
109.2,96.2186675529,66.4523277879,9.70977630628,4.98810861202,0.999999940056,0.354017806163
109.4,96.7473444011,64.5837210805,9.89055507781,5.23101225295,0.903893857625,0.285314640003
109.6,97.7278641954,62.8657268655,9.93970540293,5.43567437784,0.245751625633,0.238022428414
109.8,99.0435851655,61.3754959878,10.1397053986,5.59435432267,0.999999978395,0.18503960638
110.0,100.609134608,60.0864653576,10.3397053838,5.71415462818,0.999999926072,0.137654412077
110.2,102.351217091,58.9722261911,10.4558701795,5.80537229202,0.580823978131,0.103072270423
110.4,104.208185291,58.0106244273,10.6207639446,5.86836101249,0.82446882584,0.0705171499579
110.6,106.152182626,57.1545289696,10.7275476236,5.90446944121,0.533918394712,0.0398415116809
110.8,108.145661735,56.3612748092,10.7676134825,5.92384746294,0.200329294821,0.0211766331086
111.0,110.161638676,55.6039789771,10.6995375004,5.92876796464,-0.340379910546,0.00535794960001
111.2,112.168548476,54.8613369624,10.6246586242,5.93343183899,-0.37439438121,0.00511082376688
111.4,114.164830926,54.133194658,10.4595870111,5.92125145075,-0.825358065637,-0.0134410390583
111.6,116.121221004,53.3924812988,10.2595870224,5.92943297213,-0.999999943375,0.00917107420714
111.8,118.046082524,52.6816556071,10.4595869249,5.86878348192,0.999999512728,-0.0692015930694
112.0,119.960934446,51.8393608476,10.6448816962,5.88371821222,0.926473856457,0.0167399876231
112.2,121.922293042,51.011343511,10.8239526072,5.79282520983,0.895354555159,-0.0997832680105
112.4,123.831991858,49.9918493056,10.7529229983,5.80219832316,-0.355148044698,0.0101530357208
112.6,125.738568381,48.9968718773,10.6427769649,5.69018514574,-0.550730166971,-0.121537322284
112.8,127.503710763,47.8073255639,10.5468114761,5.6736152427,-0.47982744391,-0.0182528053835
113.0,129.233164755,46.5996839854,10.3468114825,5.58363121679,-0.999999967939,-0.0997044715672
113.2,130.816494634,45.2672700822,10.1468114828,5.51427773421,-0.999999998655,-0.0784301091532
113.4,132.274937893,43.8561518762,10.2193406177,5.29214882754,0.362645674426,-0.251253726082
113.6,133.394615946,42.1462635863,10.1142820843,5.17864193544,-0.525292667101,-0.129501519577
113.8,134.303975608,40.3393288649,9.9753903673,4.93886288686,-0.694458584891,-0.271120003506
114.0,134.751956174,38.3951966853,9.87005784319,4.76615288166,-0.526662620533,-0.200280484118
114.2,134.858035615,36.424037426,9.77611074658,4.50790994223,-0.469735483072,-0.297661804829
114.4,134.461013917,34.5095486106,9.70841195828,4.29648232975,-0.338493941453,-0.248341631163
114.6,133.676536455,32.7333938817,9.90841195628,4.05317408498,0.999999989954,-0.285802461399
114.8,132.462763052,31.1669267656,10.0849813991,3.87600735545,0.882847214363,-0.206655149456
115.0,130.96570178,29.8152309629,10.1128196014,3.69722670046,0.139191011308,-0.204935899205
115.2,129.247399912,28.7483647576,10.0735315083,3.55084768972,-0.196440465573,-0.168112834221
115.4,127.399073057,27.9466607468,10.0489716038,3.41608305078,-0.122799522696,-0.155590331131
115.6,125.464518495,27.4018930387,10.0245387236,3.30411054814,-0.122164400883,-0.129912138088
115.8,123.486029403,27.0774920824,10.0101312853,3.20704316474,-0.0720371916204,-0.113048847391
116.0,121.488289725,26.9465519735,9.99841866954,3.12495046497,-0.0585630785625,-0.0958615505557
116.2,119.488882903,26.9798295513,9.99053077195,3.05670368374,-0.0394394879778,-0.0798617887939
116.4,117.49797174,27.1492430836,10.1905307681,2.97314722521,0.999999980804,-0.0977502725627
116.6,115.488711755,27.4909315459,10.3905307471,2.93479239281,0.999999895002,-0.0441016103414
116.8,113.454883971,27.9176278226,10.4401616125,2.86994934867,0.248154327208,-0.0730407524468
117.0,111.443417133,28.4778778922,10.5899660581,2.878497978,0.749022227891,0.00960038773631
117.2,109.398304553,29.0287043435,10.6896328185,2.80527723563,0.498333801801,-0.0808916509738
117.4,107.380150998,29.7342440101,10.7258961955,2.82336395467,0.18131688486,0.0198359447918
117.6,105.342678805,30.4054377434,10.6617604379,2.75304714676,-0.32067878763,-0.0767158761065
117.8,103.369269976,31.2132638499,10.5876776891,2.78746465512,-0.370413744296,0.0378317207763
118.0,101.383129145,31.9475671624,10.4259827623,2.71553034176,-0.808474633711,-0.0794935859259
118.2,99.4843487352,32.8093546178,10.2259828514,2.74843598004,-0.999999554555,0.0369886127831
118.4,97.5951918219,33.592882006,10.4259828406,2.67515070759,0.999999946076,-0.083831158534
118.6,95.7327483891,34.5306182094,10.6259824395,2.71174478905,0.999997994485,0.0411302832785
118.8,93.8008828109,35.4162566797,10.8259810484,2.63156939216,0.999993044171,-0.0882380074831
119.0,91.9112442987,36.4733001603,10.7709520907,2.67210003081,-0.275144788206,0.0438682512276
119.2,89.9901416835,37.4479288585,10.6925874041,2.59130898367,-0.391823432974,-0.0877214932185
119.4,88.167320243,38.5662217592,10.6172165193,2.62990848608,-0.376854423938,0.0423011914116
119.6,86.3158452258,39.6059581323,10.4531642633,2.54932097038,-0.82026128016,-0.0887620420519
119.8,84.5813001243,40.7730481098,10.2531642712,2.57850001857,-0.999999960707,0.0327175817951
120.0,82.847267969,41.8676839337,10.0531642734,2.50937468387,-0.999999988789,-0.0788842030193
120.2,81.2252526117,43.0558382407,10.253164272,2.5151519052,0.999999992883,0.0067378681102
120.4,79.5639953588,44.2580526322,10.4506410363,2.42566419779,0.987383821326,-0.10197862497
120.6,77.987026642,45.6298418248,10.6111825199,2.42121404892,0.802707418209,-0.00499276185396
120.8,76.3920470022,47.0298160129,10.6901606975,2.30811751707,0.394890887936,-0.12432335486
121.0,74.9546324344,48.6125417599,10.7116860238,2.29766483085,0.107626631778,-0.0114640350432
121.2,73.530978968,50.2134226131,10.618913168,2.16893269244,-0.463864278996,-0.139988395672
121.4,72.33506981,51.9684878429,10.4354269379,2.14786087749,-0.917431150699,-0.0232624995135
121.6,71.1964265963,53.7176067774,10.2354269465,2.03528225993,-0.999999956889,-0.125822474625
121.8,70.2794075556,55.5478074959,10.0354269477,1.98181848211,-0.999999993899,-0.0611680191876
122.0,69.4774834935,57.3877285702,10.2354269473,1.84248807918,0.99999999764,-0.161372666094
122.2,68.9281245552,59.359723334,10.3647526627,1.777675256,0.646628576988,-0.0741091334485
122.4,68.5023272784,61.3884718619,10.3689736005,1.68914746891,0.0211046893944,-0.0998131841728
122.6,68.2574638736,63.4477597131,10.3243977686,1.64501243928,-0.22287915969,-0.0498655172513
122.8,68.1043571835,65.5069551659,10.2913797146,1.5953853711,-0.165090269907,-0.0562998897905
123.0,68.0537512451,67.5646089016,10.2570092113,1.56230578325,-0.171852516849,-0.0376698462006
123.2,68.0711685525,69.6159368022,10.2287467497,1.53698705967,-0.141312307767,-0.0289342809083
123.4,68.1403206627,71.6605170497,10.2033720085,1.51647400601,-0.126873706102,-0.0235093553754
123.6,68.25112032,73.6981812639,10.1806888642,1.51785762175,-0.113415721581,0.00158995290497
123.8,68.3588604768,75.7314665583,10.1606916268,1.50516827937,-0.0999861866347,-0.0146131515002
124.0,68.4921300329,77.7592302031,10.1390817264,1.53742996048,-0.108049502279,0.0372114039296
124.2,68.5597783419,79.7859178545,10.1205340968,1.53125159645,-0.0927381481045,-0.00714463967547
124.4,68.6398002403,81.8084422454,10.0873915532,1.60229063383,-0.165712717577,0.0821161896213
124.6,68.5762716624,83.8249200791,10.0626748512,1.62518444317,-0.123583510495,0.0266041602732
124.8,68.4668676323,85.8344791762,10.0171433677,1.72501287598,-0.227657417202,0.115799409163
125.0,68.1591289804,87.8141315123,9.98637712637,1.79346062602,-0.153831206694,0.0799468748335
125.2,67.7180727887,89.762099315,9.93472057336,1.94614704332,-0.258282765054,0.177384828178
125.4,66.9896613594,91.6107106058,9.90447808988,2.03582475755,-0.151212417378,0.105445471338
125.6,66.1013322588,93.3812525732,9.87423864065,2.2001504696,-0.151197246172,0.192130537362
125.8,64.9388919291,94.9777349656,10.0742386397,2.34520880853,0.999999995211,0.170573331256
126.0,63.5299165307,96.4180126102,10.2742386386,2.47014751803,0.999999994447,0.144399056773
126.2,61.9211280816,97.6963705061,10.2884901464,2.58215546094,0.071257539258,0.127134465082
126.4,60.1771180253,98.78840993,10.2438594224,2.68504659345,-0.223153620208,0.116724093062
126.6,58.3381802925,99.6916121495,10.1986664525,2.77576931877,-0.225964849582,0.103469323181
126.8,56.4334170598,100.421262013,10.157750224,2.86230235839,-0.204581142144,0.0991573233033
127.0,54.480586883,100.981306552,10.121162681,2.94423511578,-0.182937715224,0.094293784325
127.2,52.4956484822,101.378215742,10.0876478436,3.03092100453,-0.167574186902,0.100086911326
127.4,50.4904618743,101.601043542,10.0581253123,3.1098488319,-0.147612656741,0.0914827403388
127.6,48.4798502541,101.664889486,10.0286496292,3.20561936737,-0.147378415612,0.111181634887
127.8,46.4782300888,101.536556913,10.0021118692,3.27865141592,-0.132688799708,0.0851788479171
128.0,44.496567392,101.263239095,9.97199756629,3.39652170113,-0.150571514578,0.137304329876
128.2,42.5666244963,100.760297908,9.94446489592,3.46594231108,-0.137663351883,0.0814436798639
128.4,40.6814360047,100.126452789,10.144464892,3.65121243745,0.999999980285,0.215064075333
128.6,38.9103543406,99.1366667232,10.2835677781,3.75473328834,0.695514430761,0.119083564578
128.8,37.2282818313,97.9531538489,10.2475611191,3.91690477663,-0.180033295213,0.182837802252
129.0,35.7645148688,96.518620254,10.1785130007,4.02899130306,-0.345240591675,0.127550325622
129.2,34.4791084671,94.9400717249,10.123676485,4.17557320677,-0.27418257894,0.16727519842
129.4,33.4436542782,93.2001327474,10.0783000665,4.27935526138,-0.226882092118,0.119624005965
129.6,32.5978300697,91.370524402,10.0518908052,4.39793187871,-0.132046306856,0.137085695525
129.8,31.9760196224,89.4587262646,10.0292707525,4.47978018311,-0.113100263462,0.0951832323714
130.0,31.5136364559,87.5068931057,10.016134017,4.57303099062,-0.0656836774465,0.108588639354
130.2,31.2353735149,85.5230868244,10.0052090075,4.62431919216,-0.0546250475258,0.0599665667614
130.4,31.0593699157,83.5298003361,9.99976440589,4.7035812408,-0.0272230079584,0.0926206044887
130.6,31.0417550793,81.5299250289,10.1997644042,4.74505645886,0.999999991615,0.048592556555
130.8,31.1083833441,79.4910605336,10.3997644011,4.78827748103,0.999999984554,0.0496433147696
131.0,31.2660763871,77.4170940709,10.4610570499,4.78577602446,0.306463243963,-0.00282020817257
131.2,31.4194798151,75.3305141007,10.6155435277,4.82773154885,0.772432388847,0.0469901269629
131.4,31.6638219999,73.2215125662,10.7121323513,4.78385782193,0.48294411811,-0.0484211991413
131.6,31.8168084229,71.0845553053,10.7471970582,4.83642364927,0.175323534229,0.0574727372662
131.8,32.0827303524,68.9516288388,10.6773690257,4.78478625085,-0.349140162499,-0.0562759953913
132.0,32.2371978078,66.8217489883,10.6025983026,4.84270987585,-0.373853615429,0.0635213414232
132.2,32.5127642651,64.7192108178,10.4408288316,4.79062527389,-0.808847354829,-0.0575347612351
132.4,32.6759680031,62.6374325377,10.2408292541,4.84349261371,-0.999997887447,0.0593001577493
132.6,32.9437214154,60.6068435929,10.4408292483,4.78740593175,0.999999970963,-0.0641270982346
132.8,33.1002223689,58.5245506099,10.6408292339,4.83705895554,0.999999927824,0.0557024200173
133.0,33.3648539964,56.4129019712,10.8408273035,4.76773450253,0.999990348287,-0.076239711053
133.2,33.4847909936,54.2480563459,10.8306828008,4.81604828429,-0.0507225134541,0.0522067483512
133.4,33.7089292941,52.0935472093,10.7010038068,4.74126238212,-0.648394970273,-0.0807849656396
133.6,33.7707155847,49.9542385001,10.6210255219,4.78411169524,-0.399891424381,0.0469151815454
133.8,33.9229387536,47.8354946665,10.4563608555,4.70919766014,-0.823323332206,-0.0825130050451
134.0,33.9162648457,45.7442331447,10.2563608915,4.74494933244,-0.999999819899,0.0400678604283
134.2,33.9830431891,43.6940482257,10.0563608941,4.67857741844,-0.999999986783,-0.075730798812
134.4,33.9150518918,41.6839256024,10.25636089,4.7007868151,0.999999979374,0.0258887881008
134.6,33.8912532269,39.6327914839,10.4545556806,4.61867828187,0.990973952791,-0.0935916707729
134.8,33.6955991399,37.5510545031,10.6130820793,4.61853596364,0.792631993554,-0.000159612834877
135.0,33.496677516,35.4377796425,10.6805373288,4.51035256101,0.337276247774,-0.118953374465
135.2,33.0680360582,33.3451206627,10.698534823,4.48898732857,0.0899874708008,-0.0234502648765
135.4,32.5939882223,31.2585865643,10.6001838266,4.35481686426,-0.491754982124,-0.145997138554
135.6,31.8519733437,29.2726435122,10.4191803107,4.33140851251,-0.905017579511,-0.0258864958602
135.8,31.0771388786,27.3382174253,10.219180329,4.20542431784,-0.999999908518,-0.140835020092
136.0,30.0848034761,25.5514504252,10.0191803321,4.16262221438,-0.999999984368,-0.0490696698043
136.2,29.037822422,23.8428868023,10.2191803317,4.05331108672,0.999999998257,-0.127230938112
136.4,27.7862014659,22.2271173731,10.3963737107,4.02719893977,0.885966894948,-0.0299508726394
136.6,26.4703944677,20.6171374363,10.3664347367,3.92427660011,-0.149694870116,-0.115558373766
136.8,25.0003854752,19.1550867094,10.3134995066,3.89707699489,-0.264676150521,-0.0307545289404
137.0,23.4988646493,17.7408144258,10.2535810486,3.77478046879,-0.299592290113,-0.1381483551
137.2,21.8456893717,16.5273695468,10.2049602131,3.71344158579,-0.243104177479,-0.0700265043857
137.4,20.1294155023,15.4228096692,10.1897011466,3.66048714579,-0.0762953322329,-0.0607671528658
137.6,18.3597335147,14.4121534264,10.1456625214,3.65426716201,-0.220193125963,-0.00715703665684
137.8,16.5914749015,13.4168443303,10.1221115785,3.67495706312,-0.117754714756,0.0239060657783
138.0,14.8482420733,12.3875605896,10.0950282107,3.75732428146,-0.135416838776,0.0951225496287
138.2,13.2000245774,11.221471884,10.0765713484,3.77868564284,-0.0922843117352,0.0248053383043
138.4,11.5800576925,10.0226395782,10.0683871933,3.84662855735,-0.0409207754109,0.0788936198428
138.6,10.0464645466,8.71765341361,9.86838719355,3.85368792245,-0.999999998777,0.0082207000642
138.8,8.55240168865,7.42801051401,9.66838719499,3.8888653366,-0.999999992782,0.041771290021
139.0,7.13396190368,6.11380466463,9.46838719541,3.87842093036,-0.99999999788,-0.0126654128122
139.2,5.73149777324,4.84136267928,9.2683871966,3.86661928671,-0.999999994088,-0.0146133041379
139.4,4.34405402036,3.61208651761,9.06838719679,3.86305277222,-0.999999999048,-0.00451179883708
139.6,2.98226855559,2.41418576965,8.86838719696,3.87763812587,-0.999999999133,0.0188559442429
139.8,1.66774429356,1.22340551135,8.66838719837,3.92883128753,-0.99999999295,0.067580017869
140.0,0.444107518336,-0.00474370887877,8.46838719889,4.07483051393,-0.999999997381,0.194972181732
140.2,-0.564029113906,-1.3657006519,8.26838721235,4.49182180062,-0.999999932708,0.523598528288
140.4,-0.9258257866,-2.97931530582,8.06838722825,4.89896513391,-0.9999999205,0.523598804817
140.6,-0.626495780584,-4.56498754374,7.86838722959,5.29626027575,-0.999999993287,0.523598777884
140.8,0.241006526226,-5.8779614397,7.66838723286,5.68370722544,-0.999999983655,0.523598779145
141.0,1.50725694272,-6.74328010519,7.46838723391,6.06130598307,-0.999999994772,0.523598776608
141.2,2.96431778611,-7.07198363983,7.26838724828,6.42905654852,-0.999999928156,0.523598785522
141.4,4.40255666165,-6.86068511992,7.0683872553,6.78695892245,-0.999999964896,0.523598780158
141.6,5.64060893426,-6.1782552657,6.86838725952,7.13501310451,-0.999999978874,0.523598777887
141.8,6.54532506921,-5.14458294963,6.66838729926,7.47321909454,-0.99999980133,0.523598788173
142.0,7.04095762965,-3.90642143676,6.46838733069,7.79291997925,-0.999999842841,0.512107472542
142.2,7.11990263698,-2.61515497618,6.2683873601,7.92596631175,-0.999999852947,0.236649106003
142.4,7.02973498692,-1.3647242509,6.0683873659,8.1107859179,-0.999999971016,0.332843003242
142.6,6.72147190898,-0.190847390369,5.86838737191,8.19679769182,-0.999999969915,0.164682092066
142.8,6.32695123741,0.914535915809,5.66838737264,8.26368140194,-0.999999996369,0.132846169266
143.0,5.87536899852,1.95439076037,5.46838737286,8.30823630846,-0.999999998878,0.091901749132
143.2,5.39547131205,2.9371565661,5.26838737312,8.33104965163,-0.999999998731,0.0488760944462
143.4,4.91164733395,3.87318572096,5.06838737374,8.32807023262,-0.99999999687,-0.00663071514102
143.6,4.44887543235,4.77506386678,4.86838737464,8.2833468574,-0.999999995534,-0.103094422108
143.8,4.04353960614,5.66036081875,4.66838738045,8.141851394,-0.999999970951,-0.328434802936
144.0,3.77845896461,6.55561825817,4.46838738635,7.91197559196,-0.999999970459,-0.523598625897
144.2,3.72666011778,7.44779330425,4.26838738849,7.69194790237,-0.999999989321,-0.52359878019
144.4,3.8643801756,8.29028865831,4.06838738892,7.48176840491,-0.999999997851,-0.523598776041
144.6,4.16029677222,9.04824934706,3.86838739027,7.28143709965,-0.999999993243,-0.523598777733
144.8,4.57945398882,9.69854471674,3.6683873947,7.09095398655,-0.999999977853,-0.52359877771
145.0,5.08650790913,10.228807826,3.46838739561,6.91031906546,-0.99999999545,-0.523598776233
145.2,5.64818745565,10.6358760414,3.26838741649,6.73953233654,-0.999999895602,-0.523598785082
145.4,6.23497297473,10.9239333392,3.06838741763,6.57859379883,-0.999999994284,-0.523598776361
145.6,6.8220679734,11.1025936771,2.8683874188,6.42750345328,-0.999999994175,-0.523598775968
145.8,7.38978161995,11.185098652,2.66838742123,6.2862612999,-0.999999987827,-0.523598776293
146.0,7.92345657944,11.1867402375,2.46838742515,6.15486733862,-0.999999980428,-0.523598776033
146.2,8.4130753146,11.1235662443,2.26838743256,6.03332157027,-0.999999962933,-0.523598772438
146.4,8.85266435704,11.0113845366,2.06838748525,5.92162400504,-0.999999736574,-0.523598728495
146.6,9.23959581544,10.8650523185,1.86838749045,5.81977461787,-0.999999973986,-0.523598773121
146.8,9.57386271353,10.6980178508,1.66838752393,5.72777342544,-0.999999832579,-0.523598759815
147.0,9.8573829269,10.5220719335,1.4683876301,5.64562043887,-0.999999469173,-0.523598677335
147.2,10.0933668063,10.3472631867,1.26838769349,5.57331562677,-0.999999683058,-0.523598739039
147.4,10.2857677279,10.1819326722,1.06838827,5.51085903236,-0.999997117457,-0.523598535061
147.6,10.4388227508,10.0328276764,0.86838913859,5.45825057582,-0.999995657029,-0.523598703711
147.8,10.5566813769,9.90526070539,0.849460591699,5.41549028704,-0.0946427344557,-0.523598501808
148.0,10.6665313433,9.77566010063,0.984397775117,5.37366204137,0.674685917091,-0.523598668919
148.2,10.7874394218,9.62028057903,1.18439298583,5.32518935144,0.999976053566,-0.52359875201
148.4,10.9236826412,9.42650427765,1.38438947952,5.26686871451,0.999982468472,-0.523598686199
148.6,11.0694591454,9.19110975763,1.58438794901,5.198700054,0.999992347429,-0.523598724528
148.8,11.2175575377,8.91097001907,1.7843863141,5.12068328536,0.999991825457,-0.523598682557
149.0,11.3592536637,8.58342828341,1.98438505537,5.03281839956,0.999993706352,-0.523598719825
149.2,11.4842596635,8.20675221312,2.18438475274,4.93510537562,0.999998486847,-0.523598760409
149.4,11.5807569298,7.7806656638,2.38438469576,4.82754417146,0.999999715104,-0.523598773429
149.6,11.6355504969,7.30694709745,2.58438413191,4.71013478256,0.999997180752,-0.523598756391
149.8,11.6343853553,6.7900715843,2.78438393057,4.5828772245,0.999998993285,-0.523598773867
150.0,11.5624647167,6.23785860305,2.9843834954,4.44577148429,0.99999782417,-0.523598773481
150.2,11.4052056378,5.66207098943,3.18438313978,4.29881757261,0.999998221882,-0.523598777984
150.4,11.1492562629,5.07888855079,3.38438311819,4.14201548621,0.999999892038,-0.523598775878
150.6,10.7837791287,4.50916192512,3.58438300972,3.97536520866,0.999999457651,-0.523598776104
150.8,10.3019756284,3.978334788,3.7144437324,3.79886674438,0.650303613394,-0.523598775205
151.0,9.71385988116,3.52445864025,3.53141158961,3.61596396994,-0.915160713944,-0.523598763802
151.2,9.08556520941,3.20184351651,3.33141174333,3.45946882742,-0.999999231372,-0.479200830147
151.4,8.45266269931,2.99359707394,3.1314118565,3.40199808936,-0.999999434192,-0.19957722432
151.6,7.84749501913,2.83234668642,2.93141186078,3.28684292248,-0.999999978596,-0.40709138717
151.8,7.26738636866,2.74748813616,2.73141186119,3.31115729132,-0.999999997936,0.0969472309017
152.0,6.72893859842,2.65530121227,2.53141186403,3.23184035417,-0.999999985776,-0.328168698211
152.2,6.22471657236,2.60967238963,2.33141186458,3.26366834961,-0.999999997273,0.146366740456
152.4,5.76190426768,2.55289191826,2.13141186488,3.24839823045,-0.999999998521,-0.0766451519173
152.6,5.33805097769,2.50744909628,1.93141186494,3.26591833588,-0.999999999674,0.0960821833595
152.8,4.95475012055,2.45954790006,1.73141186495,3.28829407005,-0.999999999975,0.135009785742
153.0,4.61218729397,2.4089298036,1.53141186495,3.32167496027,-0.999999999974,0.222316526887
153.2,4.31085782729,2.35407139941,1.33141186495,3.36647918559,-0.999999999998,0.330457472485
153.4,4.0512805999,2.2946915612,1.13141186495,3.42123241124,-1.0,0.449291101042
153.6,3.83378818131,2.23223549518,0.931411864951,3.47552200127,-0.999999999998,0.512474234925
153.8,3.65779571767,2.17117998576,0.731411864953,3.52138561641,-0.999999999994,0.523598772816
154.0,3.52193722032,2.1169489859,0.531411864968,3.55740103916,-0.999999999923,0.523598770034
154.2,3.42471115892,2.07401839316,0.331411864973,3.58356827009,-0.999999999975,0.523598774768
154.4,3.36479796486,2.04566769392,0.131411865008,3.59525695781,-0.999999999826,0.392118356869
