time;LAT;LON;GSPEED;CRS
0.0;0.0;0.0;17.171999999999997;3.9275194545454544
0.11;-0.6499338541179895;-0.3470943043939769;17.171999999999997;3.9275194545454544
0.224;-1.2967573562636971;-0.6826046626083553;19.979999999999997;3.920174909090909
0.313;-2.0043291533365846;-1.0514805084094405;20.232;3.898169090909091
0.407;-2.721231983974576;-1.455108440015465;21.528;3.8851954545454546
0.517;-3.4895520685240626;-1.8573498679324985;22.644;3.882819272727273
0.616;-4.294466990977526;-2.299442115239799;23.4;3.8868020000000003
0.718;-5.1145689729601145;-2.749875814653933;23.4;3.8868020000000003
0.821;-5.944001983851194;-3.2350616296753287;25.703999999999997;3.874470545454545
0.922;-6.818996203131974;-3.7452716468833387;26.855999999999998;3.9019816363636366
1.435;-11.894224295392632;-6.4932959652505815;32.724;3.9199025454545455
1.637;-14.171555931679904;-7.645345804747194;34.488;3.9076178181818184
1.739;-15.382682153955102;-8.2019151779823;34.632;3.933416727272727
1.841;-16.617961856536567;-8.751999463886023;35.172;3.9597716363636364
1.941;-17.871174367144704;-9.272430629003793;35.244;3.974936181818182
2.154;-20.46250119432807;-10.340173828881234;35.928;3.9975256363636364
2.249;-21.776462039910257;-10.893971141893417;36.864;4.004479090909091
2.36;-23.13598411064595;-11.472792857326567;37.547999999999995;3.9859952727272727
2.452;-24.5531441597268;-12.073396371211857;38.988;4.003344363636364
2.553;-25.985491290688515;-12.682341526262462;39.995999999999995;3.987184
2.655;-27.463399656116962;-13.316311147995293;40.788;3.9812845454545456
2.758;-28.9837589263916;-13.96372122503817;42.192;3.993156
2.964;-32.16976303141564;-15.269209526479244;44.279999999999994;4.003599272727272
3.6;-33.82644145935774;-15.94211445050314;45.108;3.996094
3.172;-35.50727341044694;-16.608534453436732;46.763999999999996;4.014152909090909
3.271;-37.24263304006308;-17.285152398515493;47.087999999999994;4.016286727272727
3.381;-39.011112635955215;-17.940458797384053;47.916;4.028914545454546
3.474;-40.80996642448008;-18.612448402214795;48.599999999999994;4.040236363636364
3.573;-42.62986344471574;-19.266369089949876;48.924;4.037253636363636
3.677;-44.46805791091174;-19.940215623937547;49.248;4.047426727272727
3.779;-46.32729562371969;-20.595993253402412;49.967999999999996;4.051551636363636
3.879;-48.19861015211791;-21.24852864444256;49.967999999999996;4.055184181818182
3.978;-50.06681442074478;-21.889480350073427;49.895999999999994;4.06450490909091
4.089;-51.943985207006335;-22.51560575608164;50.147999999999996;4.067976181818182
4.192;-53.83012250252068;-23.12690486619249;49.86;4.0809950909090915
4.297;-55.71314956061542;-23.7266202759929;49.644;4.085732363636364
4.395;-57.60825345944613;-24.323093441314995;49.68;4.089100545454546
4.495;-59.500247118994594;-24.907982907723635;49.535999999999994;4.100000363636363
4.595;-61.40120732039213;-25.478046057745814;49.355999999999995;4.1058176363636365
4.697;-63.32010052073747;-26.01845623459667;49.31999999999999;4.114850363636363
4.799;-65.23899381421506;-26.558866762090474;49.31999999999999;4.128907818181818
4.897;-67.16374335996807;-27.072866898495704;48.888;4.134722
5.004;-69.09745946899056;-27.572040712926537;48.995999999999995;4.147582
5.112;-71.04014214873314;-28.0563882002607;48.672;4.156698909090909
5.213;-73.00075787957758;-28.511082688346505;48.56399999999999;4.172754727272727
5.318;-74.97345050051808;-28.9625349259004;48.56399999999999;4.1863256363636365
5.416;-76.93681233748794;-29.37923524575308;48.38399999999999;4.1970967272727275
5.513;-78.9212175514549;-29.777866636868566;48.20399999999999;4.213030727272727
5.617;-80.9145893799141;-30.16167167481035;48.312;4.2236827272727275
5.716;-82.91381751745939;-30.519066273700446;47.952;4.239379454545455
5.813;-84.90993550419807;-30.86487709544599;47.952;4.254714181818182
6.024;-88.9290713686496;-31.512019641697407;47.592;4.276628545454545
6.134;-90.9400124726817;-31.816593937110156;47.483999999999995;4.279702
6.234;-92.94784343242645;-32.10958443535492;47.519999999999996;4.286980727272727
6.339;-94.96775133628398;-32.3993326574564;47.44799999999999;4.290763818181818
6.436;-96.98143881000578;-32.665912963915616;47.232;4.302687454545454
6.536;-98.98615994304419;-32.94732025079429;46.98;4.310582363636364
6.636;-101.00881422776729;-33.19907445972785;46.943999999999996;4.309274181818181
6.733;-103.01628159731627;-33.44248741492629;46.943999999999996;4.309274181818181
6.84;-105.0147826205939;-33.70072734588757;46.727999999999994;4.3239410909090905
6.943;-107.02225030679256;-33.944140874780715;46.727999999999994;4.3239410909090905
7.045;-109.02660786919296;-34.175970564130694;46.51199999999999;4.328650909090909
7.258;-112.99323685187846;-34.67576931323856;46.151999999999994;4.321977454545455
7.353;-114.97966186609119;-34.93725323677063;46.08;4.317573272727273
7.457;-116.91777982749045;-35.21170771494508;46.08;4.311406181818182
7.552;-118.84382112510502;-35.48940503876656;45.54;4.302759090909091
7.654;-120.70947853848338;-35.78331546811387;45.144;4.294910545454545
7.758;-122.53579537104815;-36.0753697194159;44.028;4.275733818181818
7.859;-124.30483857542276;-36.39522118214518;43.272;4.273353272727272
7.961;-126.01038755849004;-36.71970157092437;41.976;4.243566909090909
8.063;-127.66451911814511;-37.04556830273941;41.147999999999996;4.236274545454545
8.176;-129.26723324228078;-37.37282135942951;39.815999999999995;4.236732909090909
8.278;-130.79437629226595;-37.70794584834948;38.916;4.222472
8.369;-132.2642456330359;-38.070867479778826;37.547999999999995;4.198371636363636
8.47;-133.6737309563905;-38.450002098921686;36.467999999999996;4.167874363636364
8.576;-135.007645172067;-38.83700809581205;35.244;4.142037272727273
8.674;-136.28428562358022;-39.25181120214984;35.244;4.142037272727273
8.776;-137.53677247464657;-39.67309958767146;33.516;4.083436909090909
8.879;-138.7530289022252;-40.10411579767242;33.192;4.065566909090909
8.981;-139.92408835794777;-40.55968653643504;32.687999999999995;4.058941818181818
9.9;-141.1286322986707;-41.0435247970745;32.724;4.009118
9.189;-142.315243168734;-41.55701663764194;33.227999999999994;4.017053090909091
9.288;-143.4932517707348;-42.13491455093026;34.416;3.9690952727272726
9.389;-144.69266801979393;-42.74432256491855;35.208;3.934314909090909
9.496;-145.83206441625953;-43.4195227092132;35.964;3.8995267272727276
9.594;-146.95352768991143;-44.12437645252794;36.827999999999996;3.8541336363636365
9.694;-148.00875052809715;-44.87185398163274;36.864;3.818690363636364
9.797;-149.00669947452843;-45.64712857501581;36.756;3.779027818181818
9.898;-149.9625616054982;-46.45854183193296;36.756;3.779027818181818
9.998;-150.85803955048323;-47.28616795409471;36.504;3.7002352727272725
10.108;-151.69935382995754;-48.153175262734294;36.611999999999995;3.665862
10.205;-152.4713173378259;-49.051222109701484;36.647999999999996;3.626884545454545
10.306;-153.21912710368633;-49.95575415529311;36.467999999999996;3.5825987272727273
10.41;-153.89447582140565;-50.879741532728076;36.144;3.5642798181818183
10.514;-154.50944031309336;-51.819941686000675;36.144;3.5642798181818183
10.614;-155.0702410824597;-52.79952294100076;35.855999999999995;3.4909925454545454
10.715;-155.51027346309274;-53.81152960425243;35.964;3.4287027272727273
10.816;-155.85369110759348;-54.84947656840086;36.0;3.3703816363636365
10.919;-156.11568109504879;-55.921705443412066;35.748;3.3037623636363636
11.023;-156.27483582030982;-56.996706222184;35.711999999999996;3.242886
11.132;-156.3252989789471;-58.10088973166421;35.675999999999995;3.184161818181818
11.223;-156.27292688377202;-59.20784508017823;35.784;3.114075636363636
11.336;-156.10875297617167;-60.332398927304894;34.992;3.0403865454545453
11.433;-155.8265567580238;-61.45138290012255;35.568;2.9766060000000003
11.537;-155.4263382498175;-62.56479697441682;35.099999999999994;2.897317090909091
11.637;-154.977812346071;-63.69118102360517;34.739999999999995;2.8331850909090908
11.739;-154.4050436913967;-64.78882678970695;34.739999999999995;2.7630921818181817
11.839;-153.76567036099732;-65.8795166821219;34.919999999999995;2.701107090909091
11.94;-153.0413950420916;-66.94332487694919;34.452;2.6572054545454544
12.042;-152.30193262267858;-67.99879127275199;34.343999999999994;2.604165272727273
12.158;-151.52001920808107;-69.04081674525514;34.092;2.5830947272727274
12.254;-150.70773164648563;-70.06615876732394;33.983999999999995;2.550186727272727
12.354;-149.8681801762432;-71.08640151191503;33.732;2.519177454545454
12.458;-148.99514433648437;-72.07837664661929;33.732;2.5072747272727276
12.555;-148.122108486481;-73.07035163417459;33.552;2.4748434545454545
12.657;-147.20662169717252;-74.04888569470495;33.443999999999996;2.4652883636363634
12.756;-146.27594785485417;-75.01907795993611;33.336;2.437287818181818
12.856;-145.34527401719242;-75.98927007801831;33.3;2.426330181818182
12.955;-144.39941313490272;-76.95112040266395;32.976;2.4153527272727273
13.6;-143.43836521264166;-77.90462893573567;33.12;2.4018165454545453
13.173;-142.4742070697248;-78.84655317245051;32.976;2.4003603636363637
13.268;-141.49486189428717;-79.78013562131673;32.903999999999996;2.3813243636363635
13.369;-140.50032969005406;-80.70537628699094;32.796;2.368593818181818
13.476;-139.50579750724137;-81.6306168101728;32.796;2.3575936363636365
13.574;-138.49607830494642;-82.54751554923132;32.724;2.3401550909090907
13.673;-137.48013866972178;-83.44124585902318;32.544;2.3383978181818184
13.774;-136.44004543498158;-84.34146104147658;32.58;2.317713818181818
13.871;-135.39995223097503;-85.24167608609423;32.507999999999996;2.310362181818182
13.978;-134.356748836115;-86.13030685205013;32.291999999999994;2.3038981818181816
14.086;-133.32251206226647;-87.00411084014922;32.291999999999994;2.2932872727272726
14.199;-132.27930872887373;-87.89274133881554;32.22;2.300113272727273
14.287;-131.22091840021312;-88.77303006360307;32.111999999999995;2.2910787272727275
14.386;-130.17460491973907;-89.6500761564821;32.111999999999995;2.2815938181818183
14.49;-129.10999422241002;-90.50719634490088;32.111999999999995;2.2851625454545457
14.593;-128.06368081271648;-91.38424217421561;32.076;2.270197272727273
14.694;-127.01736744027585;-92.26128787081689;32.22;2.2830352727272727
14.79;-125.94379026535898;-93.13323430065066;32.111999999999995;2.283965818181818
14.897;-124.91266398970038;-94.01862136553973;32.364;2.283990909090909
15.0;-123.85427391529083;-94.89890916226432;32.22;2.2918816363636365
15.108;-122.80796068254858;-95.77595432847738;32.291999999999994;2.286091090909091
15.217;-121.76164748519659;-96.65299936383963;32.291999999999994;2.284384727272727
15.304;-120.70014730468392;-97.52170263370499;32.147999999999996;2.2869565454545455
15.407;-119.63864716514945;-98.39040577737615;32.004;2.2687583636363637
15.51;-118.58922386262566;-99.2558662937954;32.076;2.2811312727272726
15.612;-117.53980060014874;-100.12132668308914;31.895999999999997;2.275087090909091
15.708;-116.50245417002589;-100.98354444932193;31.932;2.280429818181818
15.814;-115.44992076139897;-101.837420464959;31.895999999999997;2.2848189090909092
15.916;-114.4125744048506;-102.69963797647506;31.679999999999996;2.2635214545454545
16.016;-113.36004108004272;-103.55351373646408;31.752;2.276618
16.127;-112.30439758393914;-104.39580525411293;31.679999999999996;2.2654403636363636
16.325;-110.19311070162803;-106.08038792060688;31.535999999999998;2.2651707272727273
16.433;-109.1374673275277;-106.92267906758934;31.355999999999998;2.249256
16.529;-108.078713783063;-107.75338598294184;31.284;2.253191090909091
16.628;-107.00166307669133;-108.56416705204174;31.176;2.2459945454545456
16.737;-105.92461241874844;-109.37494800332934;31.284;2.224029090909091
16.835;-104.8171878149733;-110.16904559964314;30.996;2.2183352727272725
16.937;-103.6914660744369;-110.94321736413985;31.067999999999998;2.1844165454545457
17.039;-102.57782117277384;-111.71414653491229;30.887999999999998;2.1549276363636363
17.153;-101.41861536353827;-112.46005075005814;30.887999999999998;2.1549276363636363
17.25;-100.2652659965679;-113.1795441871509;30.816;2.118277090909091
17.352;-99.07257613539696;-113.89718087762594;30.563999999999997;2.0977294545454543
17.445;-97.85225856490433;-114.56013948330656;30.455999999999996;2.0575356363636366
17.549;-96.61053368728608;-115.19158821180463;30.419999999999998;2.0064583636363635
17.653;-95.33221453148872;-115.78318546433002;30.311999999999998;1.9693154545454545
17.753;-94.02937788981944;-116.33168877847493;30.24;1.8979101818181818
17.854;-92.69891357421875;-116.82551408419386;30.168;1.845352909090909
17.955;-91.34393178578466;-117.2762454925105;30.131999999999998;1.7816056363636363
18.6;-90.00688327103853;-117.69732375163585;30.023999999999997;1.7315441818181818
18.169;-88.65428387280554;-118.0604815799743;29.772;1.687281090909091
18.263;-87.28027721121907;-118.39212964847684;29.592;1.6340525454545454
18.368;-85.9121270403266;-118.6973670902662;29.627999999999997;1.603076
18.466;-84.56191014125943;-118.9729514294304;29.375999999999998;1.5645763636363637
18.569;-83.20547294523567;-119.22536764200777;29.519999999999996;1.551731090909091
18.673;-81.84556164871901;-119.41662102844566;29.051999999999996;1.4965969090909093
18.774;-80.49150682706386;-119.5814638370648;29.195999999999998;1.4442747272727272
18.875;-79.14330848958343;-119.71989607065916;28.871999999999996;1.397882
18.977;-77.80682300683111;-119.80550711788237;28.836;1.3754394545454545
19.084;-76.49449115619063;-119.88463326916099;28.799999999999997;1.3132825454545456
19.185;-75.17557497974485;-119.891012606211;28.727999999999998;1.3020174545454546
19.28;-73.87459203600883;-119.86773892818019;28.656;1.2297723636363636
19.394;-72.58532191626728;-119.79164411546662;28.727999999999998;1.1830665454545453
19.486;-71.3288079528138;-119.64465915365145;28.836;1.1204921818181819
19.59;-70.0719300257042;-119.44809556985274;29.267999999999997;1.0521369090909092
19.696;-68.83920569252223;-119.24504713527858;29.232;1.0030418181818181
19.794;-67.62716070748866;-118.97435106476769;29.627999999999997;0.9889498181818182
19.896;-66.43890525959432;-118.64759143302217;30.023999999999997;0.9199516363636364
19.996;-65.28962630685419;-118.27310981461778;30.203999999999997;0.8591347272727272
20.104;-64.18829038646072;-117.83607966639102;30.599999999999998;0.8038021818181817
20.203;-63.122820724733174;-117.33974347822368;30.599999999999998;0.7341405454545454
20.314;-62.126701425760984;-116.8123684329912;30.708;0.6792036363636363
20.405;-61.13954868260771;-116.2701669712551;30.816;0.6268978181818181
20.507;-60.18240579776466;-115.69507006276399;30.779999999999998;0.6072343636363636
20.611;-59.23422945197672;-115.1051467359066;30.959999999999997;0.5748823636363636
20.716;-58.2950196377933;-114.50039699487388;31.067999999999998;0.571762
20.813;-57.39789642114192;-113.8595093023032;31.355999999999998;0.5358658181818182
20.917;-56.53389323875308;-113.19731019483879;31.427999999999997;0.4972698181818182
21.017;-55.7088664220646;-112.48738907789811;31.679999999999996;0.472152
21.12;-54.89280610717833;-111.76264153281227;32.471999999999994;0.4307325454545455
21.225;-54.09467883314937;-111.00824100943282;32.471999999999994;0.4107170909090909
21.333;-53.31448458507657;-110.22418751241639;32.867999999999995;0.39270872727272726
21.424;-52.558443795889616;-109.43364911852404;33.696;0.36072145454545457
21.528;-51.793072294443846;-108.6083587068133;33.372;0.35486945454545454
21.63;-51.027700720354915;-107.78306840825826;34.416;0.3456805454545454
21.736;-50.25921886228025;-106.94619418028742;34.452;0.33560254545454543
21.834;-49.46658342052251;-106.1158050801605;34.812;0.3496283636363636
21.933;-48.64668418653309;-105.2803170750849;35.135999999999996;0.3478518181818182
22.033;-47.77847787272185;-104.45779923349619;35.46;0.36407472727272727
22.148;-46.89819473773241;-103.63852403592318;35.675999999999995;0.3901483636363636
22.253;-45.94545102678239;-102.83870405284688;36.035999999999994;0.40754945454545455
22.344;-44.98685095272958;-102.06529480405152;36.035999999999994;0.40754945454545455
22.445;-43.99787687510252;-101.27520266687497;36.467999999999996;0.45787127272727274
22.549;-42.95162922330201;-100.51290730386972;36.827999999999996;0.46766436363636366
22.652;-41.87811779882759;-99.74551311135292;37.116;0.4982785454545455
22.758;-40.80460633151233;-98.97811909439042;37.763999999999996;0.5079550909090909
22.852;-39.682787825353444;-98.22369533451274;38.087999999999994;0.509102
22.955;-38.5699357977137;-97.45444521028548;38.016;0.5242216363636364
23.058;-37.448117206804454;-96.70002182526514;38.556;0.5315121818181818
23.365;-33.91706122178584;-94.543310795445;38.087999999999994;0.5323358181818182
23.475;-32.7231462309137;-93.85792195051908;38.196;0.5976109090909091
23.568;-31.49300098977983;-93.18226088397205;38.16;0.6001345454545454
23.673;-30.24492272734642;-92.53625312028453;38.16;0.6170538181818181
23.773;-28.98476771824062;-91.89348808536306;37.943999999999996;0.6530152727272728
23.877;-27.73083317372948;-91.27389129064977;37.872;0.6373509090909091
23.977;-26.464821885339916;-90.65753722609952;37.727999999999994;0.6639209090909091
24.085;-25.21985383797437;-90.0231142770499;37.44;0.6588761818181819
24.291;-22.718205211684108;-88.80709009990096;37.367999999999995;0.6706103636363636
24.388;-21.431150687858462;-88.20880591450259;37.044;0.6571149090909091
24.489;-20.174470126628876;-87.6272048749961;37.224;0.6896116363636364
24.589;-18.884669613093138;-87.06691565318033;36.9;0.6863009090909091
24.686;-17.57382589019835;-86.52469571540132;36.756;0.709176
24.798;-16.278169159777462;-85.99081743881106;36.756;0.7299938181818181
24.897;-14.97354596760124;-85.47176589909941;36.467999999999996;0.7227209090909091
24.999;-13.656846058554947;-84.95595709513873;36.467999999999996;0.7455787272727273
25.106;-12.343256421387196;-84.45173248834908;36.144;0.7494278181818183
25.207;-11.00862359534949;-83.96557716513053;35.928;0.7521658181818183
25.308;-9.677101051434875;-83.49100602976978;36.0;0.7779036363636364
25.416;-8.360765516757965;-83.02477653091773;36.0;0.7766929090909092
25.507;-7.011310079135001;-82.57985886046663;35.64;0.7936765454545454
25.604;-5.649777960963547;-82.13818392343819;35.604;0.8000401818181818
25.713;-4.2944663828238845;-81.71967716375366;35.604;0.8000401818181818
25.819;-2.921221910044551;-81.33082367107272;35.568;0.8300347272727273
25.916;-1.5390110164880753;-80.95679690083489;35.064;0.84958
26.019;-0.13575698342174292;-80.60083940532058;35.208;0.8812912727272728
26.126;1.2612764751538634;-80.26805006200448;35.064;0.8997763636363636
26.234;2.6824633199721575;-79.9417460015975;34.812;0.8958778181818182
26.336;4.091573383659124;-79.61219956446439;35.064;0.9170152727272727
26.429;5.482386151328683;-79.3025787062943;34.668;0.9204936363636363
26.523;6.894242035225034;-79.0110271149315;34.559999999999995;0.9297065454545455
26.631;8.336107479408383;-78.75237132003531;34.488;0.942347090909091
26.734;9.774862593971193;-78.50529966829345;34.199999999999996;0.9749165454545454
26.838;11.207397107034922;-78.28139612963423;34.092;0.9943960000000001
26.937;12.673051425255835;-78.07880440214649;34.092;0.9943960000000001
27.038;14.123518684878945;-77.88455424597487;34.019999999999996;1.0388647272727274
27.149;15.579842046834528;-77.71671474166214;33.839999999999996;1.036942
27.248;17.045131768099964;-77.5637019155547;33.623999999999995;1.0559492727272728
27.35;18.51042140647769;-77.41068923799321;33.696;1.0863003636363635
27.444;19.978456870652735;-77.29567116359249;33.407999999999994;1.0768394545454547
27.549;21.446492239832878;-77.18065322982147;33.443999999999996;1.1105545454545456
27.649;22.914527516812086;-77.06563543016091;33.372;1.1128283636363636
27.857;25.7929601771757;-76.85738185187802;33.12;1.123350909090909
27.957;27.236841766163707;-76.73587932065129;32.976;1.1069412727272727
28.056;28.671756835654378;-76.59955040365458;32.903999999999996;1.098684909090909
28.174;30.085628679022193;-76.44515253370628;32.832;1.096924909090909
28.263;31.490534004755318;-76.27592827705666;32.76;1.063431090909091
28.471;34.22550270706415;-75.8304519765079;32.507999999999996;1.0166027272727274
28.57;35.56142226327211;-75.58061040844768;32.364;0.973322
28.67;36.89734176173806;-75.33076898753643;32.147999999999996;0.9723765454545454
28.772;38.19428522139788;-75.0332055836916;32.004;0.9628903636363636
28.879;39.48226220626384;-74.72081581456587;32.004;0.9180665454545455
28.977;40.72504263278097;-74.38387195346877;31.932;0.9039945454545455
29.086;41.93781348876655;-74.01403263350949;31.715999999999998;0.8602343636363637
29.179;43.120574770495296;-73.61129785096273;31.607999999999997;0.8265590909090909
29.294;44.273326496593654;-73.17566761141643;31.535999999999998;0.7933429090909091
29.386;45.38399199023843;-72.70389933278784;31.572;0.7482685454545455
29.49;46.47361436486244;-72.21406210539863;31.319999999999997;0.7209938181818182
29.59;47.50596356391907;-71.69642818812281;31.284;0.6946594545454546
30.096;52.2102532396093;-68.78672922449186;30.419999999999998;0.5438209090909091
30.206;53.079749456606805;-68.20053204707801;30.419999999999998;0.523329090909091
30.303;53.95235597528517;-67.60275105200708;30.275999999999996;0.5199641818181818
30.406;54.78287634719163;-66.96883196942508;30.131999999999998;0.5221092727272727
30.516;55.5440469244495;-66.30387353850529;30.168;0.4759227272727273
30.608;56.23001160565764;-65.58146530436352;29.987999999999996;0.4087241818181818
30.711;56.81039647012949;-64.81828992255032;30.311999999999998;0.3393649090909091
30.815;57.31832129880786;-64.03565906127915;29.987999999999996;0.26057327272727276
30.918;57.72963272407651;-63.227087516803294;29.843999999999998;0.21854636363636362
31.1;58.04744104947895;-62.380991340149194;29.339999999999996;0.128752
31.124;58.24448262155056;-61.50246924068779;29.663999999999998;0.04432690909090909
31.225;58.33283411990851;-60.59476378140971;29.7;-0.04226872727272683
31.429;58.285571998916566;-58.793732191901654;29.051999999999996;-0.22015072727272747
31.535;58.2800560714677;-57.89808024233207;28.691999999999997;-0.19173127272727222
31.628;58.24727656226605;-57.007526986300945;28.764;-0.17933890909090863
31.732;58.202420436777174;-56.11373109417036;28.511999999999997;-0.20930127272727284
31.833;58.1334110153839;-55.21344995871186;28.403999999999996;-0.21740490909090898
31.935;58.02195101976395;-54.326608824543655;28.296;-0.2332145454545453
32.039;57.8590740589425;-53.43838115595281;28.259999999999998;-0.2720003636363634
32.156;57.62373705673963;-52.530697802081704;28.043999999999997;-0.3234147272727269
32.295;57.125264681875706;-51.204628847539425;28.188;-0.3777389090909093
32.795;54.21029082220048;-46.91978174308315;27.791999999999998;-0.7433672727272727
32.908;53.399306614883244;-46.13075463054702;27.432;-0.8127969090909087
33.008;52.52446410711855;-45.38667663792148;27.432;-0.8127969090909087
33.114;51.58576328586787;-44.687547775451094;27.36;-0.9991894545454546
33.213;50.58631445001811;-44.02178412396461;27.252;-1.0579347272727277
33.314;49.51989695895463;-43.41255356231704;27.107999999999997;-1.142392363636363
33.517;47.280023706145585;-42.351638266816735;26.639999999999997;-1.3115341818181823
33.618;46.106567930430174;-41.89995357580483;26.567999999999998;-1.399424909090909
33.713;44.92067083436996;-41.49460462667048;26.531999999999996;-1.470020181818182
33.821;43.71611180156469;-41.15875932574272;26.424;-1.559612
33.922;42.508077836595476;-40.884076370391995;26.171999999999997;-1.6256152727272728
34.024;41.2965689310804;-40.670555776916444;26.099999999999998;-1.717573090909091
34.132;40.10884879343212;-40.513098845258355;25.956;-1.799574181818182
34.232;38.935951047576964;-40.39687902946025;25.776;-1.868659090909091
34.339;37.76616353634745;-40.269075309857726;25.343999999999998;-1.890324363636364
34.434;36.602232029661536;-40.16768214479089;25.235999999999997;-1.904026
34.535;35.453487461432815;-40.057947690133005;25.092;-1.9016183636363637
34.632;34.29266612417996;-39.94497066643089;24.804;-1.9143369090909093
34.737;33.16771028190851;-39.89129996113479;24.804;-1.9143369090909093
34.839;32.04824592359364;-39.91361828194931;24.695999999999998;-1.9708712727272728
34.945;30.95842647086829;-40.01841087080538;24.695999999999998;-2.0973827272727275
35.048;29.95552513282746;-40.233474754262716;24.983999999999998;-2.210265272727273
35.155;28.997455748729408;-40.52267157845199;24.912;-2.345777818181818
35.259;28.105625953525305;-40.854492072016;25.055999999999997;-2.446124181818182
35.352;27.231728941202164;-41.21596579346806;24.444;-2.503531272727273
35.452;26.376129245385528;-41.55751428520307;24.048;-2.545841818181818
35.555;25.508452830836177;-41.89582025120035;24.048;-2.543012
35.658;24.622843604534864;-42.20447315275669;23.796;-2.4904945454545455
35.759;23.740344673395157;-42.50154217379168;23.58;-2.473416909090909
35.859;22.83680260926485;-42.78054209565744;23.688;-2.4709545454545454
35.965;21.92392962053418;-43.09429400740191;23.796;-2.4481552727272726
36.177;20.2088907873258;-43.88813300803304;24.299999999999997;-2.4801894545454544
36.275;19.35219752881676;-44.378417638130486;24.299999999999997;-2.4801894545454544
36.367;18.510326800867915;-44.90993948560208;27.252;-2.687178363636364
36.476;17.692245022393763;-45.49752513319254;27.791999999999998;-2.72869
36.576;16.87379878386855;-46.1346893790178;28.871999999999996;-2.7752807272727273
36.678;16.01912244502455;-46.76212593819946;30.563999999999997;-2.8107796363636366
36.779;15.170302260667086;-47.415973162744194;30.528;-2.7678721818181815
36.878;14.330448522232473;-48.08464707201347;30.851999999999997;-2.7992427272727274
36.985;13.505781836807728;-48.744979716371745;31.139999999999997;-2.8115212727272727
37.094;12.68697131704539;-49.431723022367805;30.743999999999996;-2.8172485454545453
37.189;11.88334784284234;-50.11012505274266;30.959999999999997;-2.834433272727273
37.282;11.067647696472704;-50.78528459742665;31.176;-2.840491636363636
37.39;10.206751025281847;-51.43588991230354;31.031999999999996;-2.8148096363636363
37.494;9.285470798611641;-52.07028239266947;31.284;-2.7908530909090907
37.603;8.309663154184818;-52.714872614480555;32.004;-2.750166181818182
37.697;7.294515097513795;-53.36131920106709;32.832;-2.7208405454545455
37.804;6.212762895971537;-54.014720974024385;32.832;-2.7208405454545455
37.899;5.0854496993124485;-54.69314711354673;35.172;-2.6978243636363635
38.004;3.9308727979660034;-55.37667225068435;36.467999999999996;-2.6925412727272726
38.115;2.7217684714123607;-56.07039522146806;37.62;-2.688168
38.209;1.4671031460165977;-56.7891426156275;38.663999999999994;-2.6714339999999996
38.308;0.1730973906815052;-57.50974647514522;39.815999999999995;-2.676990545454545
38.41;-1.1664693551138043;-58.25537480274215;40.715999999999994;-2.662098545454546
38.521;-2.5243333699181676;-59.020928780548275;42.01199999999999;-2.6610885454545454
38.618;-3.89738436229527;-59.79482442839071;42.839999999999996;-2.670656363636364
38.717;-5.300809341482818;-60.58540317416191;42.839999999999996;-2.670656363636364
38.817;-6.716311021707952;-61.37273961119354;44.279999999999994;-2.6702107272727273
38.923;-8.140779128298163;-62.14524974487722;44.028;-2.658059818181818
39.024;-9.553170486353338;-62.921002719085664;44.099999999999994;-2.657621818181818
39.131;-10.977638555690646;-63.69351338688284;44.244;-2.655801272727273
39.233;-12.390029872767627;-64.46926689241081;43.919999999999995;-2.651160909090909
39.329;-13.802421174943447;-65.24502065917477;43.775999999999996;-2.6553523636363634
39.433;-15.211702180095017;-66.00919068604708;43.848;-2.653424363636364
39.54;-16.620983163826168;-66.77336097508669;43.559999999999995;-2.652880363636364
39.637;-18.030264131724834;-67.53753152536228;43.739999999999995;-2.652045272727273
39.737;-19.4364348128438;-68.29011832689866;43.488;-2.6530238181818184
39.838;-20.842605479061604;-69.04270538827404;43.343999999999994;-2.6437105454545455
39.937;-22.248776126652956;-69.79529270762578;43.416;-2.6481032727272726
40.039;-23.663913234137;-70.53305371105671;43.308;-2.641243090909091
40.163;-25.054896846413612;-71.27730008680373;43.128;-2.6456067272727277
40.298;-27.144482501782477;-72.40525414701551;43.056;-2.6447265454545454
40.403;-28.526499589905143;-73.16432773135602;42.803999999999995;-2.6586867272727273
40.512;-29.893329665996134;-73.91506009642035;42.839999999999996;-2.6563083636363634
40.605;-31.248082970269024;-74.66903526382521;42.552;-2.653776
40.707;-32.61491300072521;-75.41976812621579;42.66;-2.667763090909091
40.808;-33.96966626495123;-76.17374378442764;42.443999999999996;-2.6571069090909094
40.903;-35.3244195105508;-76.92771968943998;42.623999999999995;-2.6619596363636364
41.014;-36.688139227218926;-77.66686926363036;42.227999999999994;-2.665878363636364
41.123;-38.04289242718369;-78.42084565898404;42.263999999999996;-2.651853818181818
41.22;-39.39142510853708;-79.15165423229337;42.192;-2.6609563636363633
41.32;-40.75514476932585;-79.89080453896895;42.047999999999995;-2.6547905454545453
41.428;-42.103677411563694;-80.62161359703168;41.903999999999996;-2.6521532727272725
41.524;-43.45221003703773;-81.35242289677262;41.796;-2.655100181818182
41.725;-46.17928500846028;-82.78114652168006;41.687999999999995;-2.6460874545454542
41.824;-47.55782736185938;-83.47906085150316;41.327999999999996;-2.633192363636364
41.932;-48.93325946480036;-84.16539138182998;41.544;-2.6246618181818184
42.035;-50.32973482552916;-84.83365304442123;41.256;-2.6224398181818183
42.155;-51.726210191845894;-85.50191494217142;41.22;-2.6000354545454543
42.295;-53.85093303117901;-86.47141256229952;41.147999999999996;-2.599600909090909
42.397;-55.262231203727424;-87.09843786247075;40.895999999999994;-2.575510909090909
42.493;-56.6976829059422;-87.71897834492847;40.788;-2.571968181818182
42.595;-58.160034192726016;-88.29503933293745;40.751999999999995;-2.562263818181818
42.69;-59.64653902314603;-88.86461551394314;40.571999999999996;-2.5269632727272726
42.798;-61.156833230517805;-89.37812814349309;40.571999999999996;-2.5110247272727273
42.9;-62.69713730365038;-89.85874532768503;40.5;-2.4689327272727275
43.002;-64.26745126210153;-90.30646706512198;40.32;-2.4371183636363636
43.111;-65.86466487310827;-90.70970929833129;40.211999999999996;-2.415434181818182
43.212;-67.50396515987813;-91.07681355858222;40.13999999999999;-2.377905818181818
43.317;-69.14601160679013;-91.40592333814129;39.924;-2.342982363636364
43.412;-70.81184752471745;-91.67896952247247;39.888;-2.306524545454545
43.513;-72.50458316970617;-91.90753616439179;39.815999999999995;-2.2706454545454546
43.61;-74.23007485922426;-92.0652125980705;39.528;-2.2309556363636363
43.718;-75.97935607749969;-92.16682538855821;39.419999999999995;-2.172220909090909
43.818;-77.75242684222758;-92.2123745190911;39.312;-2.132001272727273
43.918;-79.53098992910236;-92.18193433387205;39.312;-2.076534727272727
44.022;-81.31815558858216;-92.08708887314424;39.023999999999994;-2.0224116363636364
44.136;-83.12600059714168;-91.92459560045972;39.023999999999994;-1.9577592727272728
44.338;-86.68259681109339;-91.37951176473871;38.519999999999996;-1.8410454545454544
44.427;-88.4617220275104;-91.0136042740196;38.519999999999996;-1.7768387272727275
44.528;-90.21943995729089;-90.61618706816807;38.087999999999994;-1.7190487272727275
44.634;-91.97404783125967;-90.20718580018729;37.98;-1.6984125454545453
44.738;-93.7314019817859;-89.76018976327032;37.763999999999996;-1.6804467272727275
44.836;-95.46460273396224;-89.31967876339331;37.727999999999994;-1.664985454545455
44.939;-97.19158320315182;-88.85599957732484;37.656;-1.6508756363636363
45.042;-98.90923315193504;-88.35756809730083;37.547999999999995;-1.6292634545454545
45.155;-100.56577106472105;-87.77619132446125;37.331999999999994;-1.595041636363636
45.254;-102.19468119833618;-87.14013650268316;37.044;-1.5074199999999998
45.348;-103.74143590033054;-86.43920544208959;36.9;-1.4404327272727269
45.445;-105.21500172372907;-85.65857148030773;36.396;-1.3567780000000003
45.551;-106.59122503455728;-84.80471961246803;36.324;-1.2614689090909088
45.657;-107.89462354034185;-83.92074372898787;36.071999999999996;-1.1689550909090909
45.756;-109.09171291720122;-82.97837651567534;35.855999999999995;-1.1103876363636367
45.857;-110.17041633184999;-81.9808604712598;35.532;-0.9963532727272723
45.957;-111.1400644602254;-80.9629479283467;35.028;-0.9178449090909091
46.059;-111.97339343000203;-79.91953981062397;34.452;-0.8331169090909095
46.172;-112.66143665648997;-78.86546276742592;34.272;-0.7455709090909088
46.261;-113.19211730733514;-77.80395933846012;33.588;-0.632846909090909
46.368;-113.59580942895263;-76.75171274878085;33.516;-0.5157294545454544
46.469;-113.81523926276714;-75.73651975207031;32.796;-0.4492645454545451
46.724;-113.7889598198235;-73.80618119938299;31.967999999999996;-0.30564581818181813
46.829;-113.30740350205451;-72.49484854470938;31.967999999999996;-0.30564581818181813
46.929;-112.76910487189889;-71.69551862077788;30.311999999999998;0.12690781818181818
47.032;-112.12869967892766;-70.9981187460944;30.203999999999997;0.24270090909090908
47.145;-111.36752645205706;-70.33314423914999;28.944;0.35336218181818185
47.239;-110.5673767477274;-69.71589230047539;29.663999999999998;0.44238927272727274
47.338;-109.80345740076154;-69.08891286794096;29.051999999999996;0.46335472727272725
47.445;-108.9912308305502;-68.47490366222337;28.944;0.44610127272727274
47.539;-108.16692743636668;-67.86413709260523;29.592;0.4876458181818181
47.645;-107.29120657779276;-67.25475664623082;29.772;0.4867349090909091
47.746;-106.38822185248137;-66.64027727628127;30.348;0.5146912727272727
47.844;-105.4973138961941;-66.02255549002439;30.816;0.5286974545454546
47.945;-104.65745910815895;-65.35386880859733;30.923999999999996;0.5124850909090909
48.046;-103.8869547797367;-64.65414290735498;30.923999999999996;0.44588490909090905
48.163;-103.1526807891205;-63.94468949176371;31.104;0.41045163636363635
48.256;-102.49361351877451;-63.17778606386855;30.923999999999996;0.3682183636363636
48.36;-101.80764658749104;-62.45536267431453;30.923999999999996;0.3148874545454545
48.467;-101.12753586936742;-61.706528617069125;30.887999999999998;0.3514810909090909
48.559;-100.4626121437177;-60.96603620890528;30.636;0.3293601818181818
48.665;-99.82184194680303;-60.21905880095437;30.455999999999996;0.3192956363636364
48.767;-99.20522527117282;-59.46559638064355;30.455999999999996;0.3139334545454545
48.865;-98.56445495411754;-58.7186191319488;30.419999999999998;0.2996618181818182
48.963;-97.85744437482208;-58.01426545577124;30.383999999999997;0.30776054545454545
49.068;-97.06003996357322;-57.35902047017589;30.203999999999997;0.38698254545454547
49.181;-96.18431853223592;-56.74964163871482;30.203999999999997;0.38698254545454547
49.279;-95.2333903638646;-56.19771308125928;30.203999999999997;0.5269972727272727
49.387;-94.21933226939291;-55.69999225763604;30.203999999999997;0.5992541818181818
49.483;-93.11799068469554;-55.26296427892521;30.491999999999997;0.6705630909090908
49.58;-91.92625537049025;-54.87504506018013;30.455999999999996;0.7568518181818181
49.685;-90.67450046073645;-54.55291769374162;31.284;0.8222858181818182
49.785;-89.32063937932253;-54.33272059261799;31.752;0.9072990909090909
49.878;-87.87052840832621;-54.18804300064221;32.58;1.0096670909090908
49.988;-86.37247470207512;-54.1059146951884;33.156;1.084872909090909
50.092;-84.80232471972704;-54.092820782680064;33.912;1.1543661818181818
50.198;-83.18148608319461;-54.180270955432206;34.596;1.221988181818182
50.295;-81.52789182122797;-54.33861189521849;35.099999999999994;1.3133763636363636
50.403;-79.85325443092734;-54.515022123698145;35.82;1.3776801818181816
50.5;-78.13616631459445;-54.677991951815784;36.36;1.3804132727272727
50.599;-76.35558420605958;-54.845590591430664;37.296;1.3620538181818183
50.703;-74.55395899619907;-55.03125853091478;38.412;1.3777663636363637
50.799;-72.6888398239389;-55.22155529493466;39.168;1.3830821818181818
50.907;-70.77852402906865;-55.43640648107976;40.211999999999996;1.3823134545454547
51.009;-68.83161379862577;-55.6114066131413;41.327999999999996;1.389273090909091
51.116;-66.88122917618603;-55.72524396516383;41.724;1.358914727272727
51.228;-64.91840365435928;-55.79274520743638;42.48;1.3056705454545454
51.366;-62.04105009417981;-55.73321888130158;42.732;1.2618416363636364
51.469;-60.1613050615415;-55.57970739994198;42.516;1.165774181818182
51.572;-58.32639261428267;-55.35206302860752;42.839999999999996;1.1010127272727273
51.665;-56.542168946005404;-55.02387510612607;42.587999999999994;1.0330198181818182
51.772;-54.80552373453975;-54.583559604827315;42.839999999999996;0.9589143636363636
51.873;-53.13475426007062;-54.05104209110141;43.343999999999994;0.8853916363636364
51.976;-51.5115631679073;-53.40639703441411;43.992;0.807000909090909
52.082;-49.98736771475524;-52.64823822909966;44.964;0.731462909090909
52.191;-48.52008138503879;-51.81270404718816;45.684;0.6522594545454546
52.289;-47.04657446965575;-50.954002062790096;46.26;0.5952054545454546
52.387;-45.50646317657083;-50.08834515651688;47.412;0.5915218181818183
52.487;-43.93597778212279;-49.2060056286864;48.275999999999996;0.613408
52.587;-42.3351182769984;-48.30698350444436;49.391999999999996;0.6040721818181819
52.692;-40.69491820689291;-47.406105417292565;50.4;0.6086014545454546
52.794;-39.033310488797724;-46.47371815238148;51.336;0.6112061818181819
52.896;-37.31717516295612;-45.53113351156935;52.379999999999995;0.6085561818181818
52.999;-35.56169927213341;-44.58669297816232;53.279999999999994;0.6151041818181818
53.107;-33.74583961907774;-43.658465777058154;54.108;0.6272401818181819
53.213;-31.863375643268228;-42.72328386735171;55.331999999999994;0.6472052727272728
53.312;-29.944681425578892;-41.7978301695548;56.123999999999995;0.6621336363636363
53.405;-27.971459641121328;-40.86217923741788;57.16799999999999;0.6706141818181819
53.501;-25.992017258889973;-39.90336073283106;57.959999999999994;0.672571090909091
53.613;-23.961157619021833;-38.94592906720936;58.715999999999994;0.673652
53.711;-21.924077379517257;-37.96532986871898;59.61599999999999;0.6749112727272727
53.814;-19.880776531994343;-36.96156314527616;60.516;0.6667127272727272
53.917;-17.82814476173371;-35.92304489808157;60.983999999999995;0.6585072727272727
54.016;-15.778258795849979;-34.84653254132718;60.983999999999995;0.6585072727272727
54.125;-13.749415959231555;-33.75195151055232;62.388;0.6317338181818182
54.222;-11.72020857501775;-32.60779238026589;63.035999999999994;0.619872
54.323;-9.696857248432934;-31.437223179731518;63.75599999999999;0.6039538181818183
54.423;-7.643131776712835;-30.249971743207425;64.61999999999999;0.5897029090909092
54.536;-5.589406238868833;-29.062720886431634;65.196;0.5951059999999999
54.634;-3.4932298213243484;-27.862030445132405;65.628;0.5928741818181819
54.732;-1.3518567634746432;-26.68589506065473;66.276;0.6034994545454545
54.834;0.8047033883631229;-25.50141890719533;66.744;0.6152918181818182
54.936;2.985417035408318;-24.323428608477116;67.14;0.6155327272727273
55.036;5.175097121857107;-23.160265553276986;67.104;0.626192
55.154;7.352700527757406;-21.993860499933362;67.24799999999999;0.6253361818181818
55.245;9.539270365610719;-20.84228268172592;66.96;0.626804909090909
55.341;11.701686807908118;-19.68422023113817;66.92399999999999;0.6291409090909091
55.447;13.860992955043912;-18.537742373533547;66.6;0.6254021818181819
55.55;16.020299138501287;-17.39126512594521;66.42;0.6285565454545455
55.652;18.164418317377567;-16.253129831980914;66.42;0.6285565454545455
55.752;20.320614237338305;-15.11823777249083;65.88;0.6304787272727272
56.057;26.788472894579172;-11.812722265720367;65.268;0.6439974545454545
56.169;28.929117222316563;-10.735752446111292;65.05199999999999;0.64696
56.27;31.030421109870076;-9.660639233421534;64.25999999999999;0.6497769090909091
56.364;33.092019888572395;-8.63696110388264;63.071999999999996;0.6502923636363637
56.467;35.12324458360672;-7.629966133274138;61.66799999999999;0.6536683636363636
56.57;37.09372109733522;-6.656336909625679;60.227999999999994;0.6559583636363637
56.673;39.00967012345791;-5.6929054744541645;58.824;0.6565232727272727
56.773;40.889024367555976;-4.769325012341142;57.312;0.6567896363636363
56.875;42.71385112218559;-3.8559422697871923;55.907999999999994;0.6559472727272727
56.977;44.493116745725274;-2.96758382814005;54.431999999999995;0.6544632727272728
57.077;46.199557485990226;-2.1093482826836407;52.88399999999999;0.6520198181818181
57.189;47.86354744900018;-1.264553014189005;51.37199999999999;0.6464950909090909
57.289;49.457822889089584;-0.4382966235280037;49.86;0.6438898181818181
57.385;51.00653719622642;0.3629356021992862;48.348;0.6416912727272727
57.487;52.50658000539988;1.1275597461499274;46.836;0.6386412727272728
57.587;53.95209534931928;1.8819863931275904;45.251999999999995;0.6396856363636364
57.693;55.34582883119583;2.5882210740819573;43.559999999999995;0.6430545454545455
57.791;56.68503484688699;3.2842583134770393;41.976;0.6403354545454545
57.895;57.9666030369699;3.9585141935385764;40.5;0.6407085454545455
57.987;59.19949972163886;4.596162137575448;38.808;0.6355607272727273
58.104;60.39580157957971;5.193959495984018;37.26;0.6389865454545455
58.218;61.54654229152948;5.766732898075134;35.604;0.6493292727272727
58.354;63.20083647593856;6.527194707188755;34.092;0.6652901818181819
58.455;64.25697972532362;6.988757859915495;31.607999999999997;0.6929456363636364
58.658;66.29296614043415;7.820599142462015;28.583999999999996;0.7274023636363636
58.763;67.30318341124803;8.207559786736965;28.188;0.741398
58.857;68.32236697431654;8.579693717882037;27.863999999999997;0.7625970909090909
58.963;69.34740645624697;8.925417004618794;27.467999999999996;0.7704883636363636
59.372;73.98131866566837;10.078058207407594;28.656;0.8977658181818181
59.475;75.25374743714929;10.332516729831696;30.455999999999996;0.9254958181818183
59.576;76.53825283702463;10.583732432220131;31.031999999999996;0.9647163636363636
59.678;77.88277671299875;10.76915622735396;31.247999999999998;0.9597132727272727
59.775;79.25730978511274;10.92168400902301;31.607999999999997;1.0380183636363636
59.881;80.63147794082761;11.024633325170726;31.284;1.072661090909091
59.983;82.04151119571179;11.068276138044894;31.284;1.113318909090909
60.091;83.45117951743305;11.062340517994016;31.319999999999997;1.188723090909091
60.195;84.87566995248199;11.015167702455074;31.139999999999997;1.2378650909090907
60.297;86.2935746833682;10.8952486817725;30.851999999999997;1.2836767272727274
60.394;87.73526779934764;10.719265908468515;30.887999999999998;1.356624
60.494;89.14933225419372;10.488606254570186;30.671999999999997;1.4119163636363636
60.597;90.56614212784916;10.219952173065394;30.563999999999997;1.4851803636363636
60.691;91.96740000508726;9.893378565087914;30.491999999999997;1.5176996363636364
60.801;93.34999551065266;9.4973015608266;30.348;1.6102405454545454
61.003;96.02333428151906;8.55594381224364;30.6;1.7174825454545455
61.115;97.32926459144801;8.019004318863153;29.843999999999998;1.8015161818181817
61.217;98.62275331001729;7.435729306656867;29.843999999999998;1.8398485454545455
61.317;99.84927305020392;6.795921771787107;29.772;1.896176
61.414;101.05163940042257;6.162599688395858;29.735999999999997;1.980503090909091
61.516;102.17184976767749;5.464403915219009;29.447999999999997;1.9959838181818181
61.61;103.24027824308723;4.718016867525876;29.447999999999997;2.1007305454545455
61.719;104.2238052552566;3.9447505031712353;29.339999999999996;2.1829458181818184
61.824;105.11621006950736;3.121437067631632;29.232;2.253773818181818
61.923;105.95097713917494;2.2763428380712867;29.339999999999996;2.358106363636364
62.026;106.66150246933103;1.4025134770199656;28.944;2.429396909090909
62.136;107.26297311950475;0.5082901734858751;28.691999999999997;2.5353367272727274
62.227;107.75849946215749;-0.3947431999258697;28.979999999999997;2.6299523636363635
62.337;108.11185157392174;-1.2968586212955415;28.476;2.717865818181818
62.431;108.35925942007452;-2.2077841530553997;28.439999999999998;2.8278476363636362
62.53;108.58251402154565;-3.1122242575511336;28.368;2.910723090909091
62.637;108.78783611487597;-3.987011190969497;28.008;2.9250992727272727
62.739;108.96589459758252;-4.866896586026996;27.683999999999997;2.9250265454545454
62.845;109.10461282543838;-5.748637772165239;27.683999999999997;2.9590887272727273
62.944;109.2343648225069;-6.615552358329296;27.612;2.976230909090909
63.048;109.31269991863519;-7.481080075725913;27.36;2.9929114545454545
63.161;109.27612450439483;-8.340591442771256;27.503999999999998;3.0404685454545457
63.307;109.04029413871467;-9.556429285090417;27.36;3.1504683636363633
63.396;108.75321957468987;-10.336260648444295;27.287999999999997;3.258400181818182
63.505;108.33641227521002;-11.068838790990412;27.144;3.3622959999999997
63.606;107.85025547258556;-11.770377080421895;27.035999999999998;3.457629818181818
63.707;107.26162956282496;-12.419563659932464;27.107999999999997;3.522378909090909
63.811;106.57950082793832;-13.03122509131208;26.927999999999997;3.619037272727273
63.914;105.82216662261635;-13.58543630829081;26.964;3.697203090909091
64.011;105.00170356966555;-14.085439986083657;26.531999999999996;3.7757405454545454
64.123;104.10017904918641;-14.501583043020219;26.459999999999997;3.8568805454545454
64.234;103.11448269616812;-14.84544936567545;26.424;3.9781461818181816
64.314;102.1439733300358;-15.18097457382828;26.424;4.069988909090909
64.423;101.16138729266822;-15.51325721712783;26.028;4.069571090909091
64.523;100.17294527962804;-15.819129532203078;25.956;4.071450363636363
64.624;99.18761358968914;-16.113418058026582;25.776;4.108055090909091
64.727;98.19331556558609;-16.39288013242185;25.703999999999997;4.116675636363636
64.831;97.16004193015397;-16.624619998969138;25.415999999999997;4.143704545454545
64.934;96.10297966562212;-16.800296429079026;25.308;4.197213454545455
65.034;94.989009141922;-16.89859754499048;25.488;4.273110909090909
65.143;93.86643696762621;-16.93249396653846;25.2;4.409165090909091
65.246;92.73215279635042;-16.913569573312998;24.983999999999998;4.454125454545455
65.337;91.5892669679597;-16.830240454524755;24.767999999999997;4.533012727272727
65.443;90.4463810743764;-16.74691138928756;24.587999999999997;4.6057856363636365
65.543;89.32179246842861;-16.643657233566046;24.407999999999998;4.603587090909091
65.644;88.19720379356295;-16.54040312161669;24.407999999999998;4.630955090909091
65.748;87.09054769203067;-16.466802165377885;24.084;4.645436363636364
65.848;85.99249312840402;-16.45760606834665;23.939999999999998;4.565073818181818
66.049;83.89812372252345;-16.590722294989973;23.688;4.46240509090909
66.167;82.89595292229205;-16.706624165643007;23.831999999999997;4.347983999999999
66.262;81.88756139017642;-16.84569391934201;23.651999999999997;4.307830727272727
66.362;80.90917914081365;-17.017659519333392;23.508;4.309000545454546
66.462;79.94872950576246;-17.219278313219547;23.4;4.2585132727272725
66.563;79.00035651959479;-17.424139842856675;23.328;4.2222598181818185
66.667;78.08510317467153;-17.65031331591308;23.255999999999997;4.201163272727272
66.766;77.18778246361762;-17.90613998612389;23.183999999999997;4.165308181818181
66.869;76.29942806158215;-18.176793296355754;23.003999999999998;4.123644909090909
66.968;75.44419332500547;-18.46875854814425;22.968;4.103652909090909
67.184;73.83893885370344;-19.14303534058854;22.86;4.002905636363637
67.284;73.08891913294792;-19.52534687751904;22.68;3.9562869090909087
67.379;72.39306211844087;-19.947039558086544;22.644;3.8993307272727273
67.48;71.74240147694945;-20.393286808393896;22.68;3.846006
67.583;71.13693721219897;-20.864088620990515;22.392;3.7917254545454546
67.687;70.54629531223327;-21.37612753873691;22.464;3.7239201818181815
67.784;70.01603682059795;-21.904379738029093;22.644;3.6832834545454545
67.884;69.5399410687387;-22.472013043705374;22.787999999999997;3.625234
67.992;69.10593139566481;-23.075784804299474;23.183999999999997;3.575469090909091
68.099;68.7291948152706;-23.70735373115167;23.363999999999997;3.5127343636363637
68.707;67.92621473688632;-27.99986761342734;24.156;3.089532909090909
68.8;68.00528193451464;-28.766240754164755;24.156;3.089532909090909
68.913;68.02396578807384;-29.51640068553388;24.011999999999997;3.0194258181818183
69.017;68.01849634572864;-30.260075327940285;23.976;3.090566
69.123;68.00991662312299;-31.015333865769207;23.976;3.1088165454545456
69.275;68.00464063882828;-32.14405098836869;24.156;3.094255090909091
69.37;68.04436776228249;-32.912279998883605;24.156;3.094255090909091
69.474;68.18381867650896;-33.69486610777676;24.479999999999997;3.0440707272727274
69.575;68.41988306120038;-34.5033932053484;24.912;2.949950181818182
69.671;68.77396854758263;-35.306352156214416;24.912;2.85704
69.777;69.1946580959484;-36.10235634725541;25.272;2.766892909090909
69.878;69.69402837194502;-36.8946483945474;25.092;2.696190181818182
69.979;70.27207936253399;-37.68322829157114;25.451999999999998;2.628761636363636
70.094;70.89880166668445;-38.43520032521337;25.488;2.563958
70.196;71.58901766687632;-39.191801487933844;25.272;2.487776727272727
70.296;72.29753097426146;-39.928477361332625;25.272;2.450106909090909
70.388;72.99707791861147;-40.65032661752775;25.272;2.424597090909091
70.487;73.7176678897813;-41.390244947280735;25.2;2.4112725454545454
70.585;74.4292914941907;-42.115336656570435;25.2;2.4108632727272727
70.696;75.15299176890403;-42.84367090696469;25.2;2.416000909090909
70.795;75.90084538049996;-43.57849031267688;25.343999999999998;2.403829090909091
70.897;76.67907294910401;-44.29662706237286;25.488;2.3779387272727273
71.002;77.51182781066746;-45.0045663989149;25.595999999999997;2.3441716363636362
71.115;78.43259421549737;-45.6740418439731;26.028;2.2800190909090907
71.213;79.39892153069377;-46.31849336018786;26.099999999999998;2.190461090909091
71.318;80.42599671520293;-46.92957967054099;26.099999999999998;2.190461090909091
71.408;81.49277672823519;-47.48923165211454;26.387999999999998;2.0490447272727272
71.503;82.57785396557301;-48.02895839419216;26.316;1.9710034545454547
71.615;83.69019478186965;-48.56358642317355;26.136;1.976692
71.715;84.79356916435063;-49.08338788570836;26.712;1.9139845454545454
71.816;85.90316410176456;-49.580021515488625;26.208;1.93027
71.917;87.05831988248974;-50.05163127463311;26.424;1.8944752727272727
72.022;88.2317728633061;-50.503315832000226;26.604;1.8237747272727272
72.139;89.41144637856632;-50.931832576636225;26.531999999999996;1.7924192727272727
72.286;91.25259045045823;-51.50069896271452;26.784;1.7649765454545456
72.374;92.48440983518958;-51.83144591609016;26.927999999999997;1.6783943636363636
72.479;93.74074701871723;-52.11909994808957;26.964;1.6312087272727274
72.582;95.0157459480688;-52.337250693235546;27.252;1.5731305454545457
72.687;96.28799904603511;-52.5174072063528;27.395999999999997;1.4958967272727273
72.788;97.56025205831975;-52.697563759982586;27.395999999999997;1.4483187272727271
72.889;98.83597985561937;-52.81655834289268;27.287999999999997;1.4362525454545454
72.987;100.10274121630937;-52.920726482290775;27.432;1.3814436363636364
73.097;101.38194371666759;-52.97855917643756;27.647999999999996;1.3387136363636363
73.226;102.67047706153244;-53.00164031749591;27.755999999999997;1.2759701818181817
73.342;104.56777611002326;-52.92737809801474;28.115999999999996;1.2144776363636365
73.447;105.81184210814536;-52.8267488819547;28.151999999999997;1.1363952727272726
73.55;107.07420530449599;-52.70619464572519;28.511999999999997;1.0995170909090908
73.651;108.30070307292044;-52.52633455628529;28.619999999999997;1.0857236363636362
73.755;109.51823443733156;-52.33164809178561;28.836;1.0156239999999999
73.856;110.73302003555;-52.09896752331406;29.051999999999996;1.0080390909090908
73.957;111.93298320937902;-51.82505023526028;29.232;0.9485907272727273
74.056;113.12983603123575;-51.56271693389863;29.555999999999997;0.9190298181818182
74.171;114.31808707304299;-51.235979198943824;29.772;0.9258443636363636
74.282;115.51841472275555;-50.91248422395438;30.131999999999998;0.8579216363636364
74.417;117.30097346007824;-50.39758904511109;30.455999999999996;0.8741141818181818
74.518;118.47751234006137;-50.01803109655157;30.851999999999997;0.8198903636363636
74.623;119.66923814918846;-49.630132062826306;31.067999999999998;0.8206547272727273
74.725;120.85510791372508;-49.21582283638418;31.499999999999996;0.8115738181818183
74.827;122.04408796783537;-48.789929904043674;32.04;0.778734909090909
74.928;123.25447559170425;-48.33252820093185;32.471999999999994;0.7865865454545454
75.027;124.48316046223044;-47.85520158754662;33.192;0.7567909090909091
75.133;125.72703226935118;-47.369533928111196;33.839999999999996;0.7491963636363637
75.349;128.28760028630495;-46.368076915387064;34.559999999999995;0.7575234545454546
75.49;130.27179322578013;-45.58443046500906;35.964;0.7516530909090908
75.589;131.59471004549414;-45.04547374276444;36.791999999999994;0.7374069090909091
76.105;138.51650797203183;-42.122707448899746;40.104;0.7190270909090909
76.214;139.95195402763784;-41.5021959845908;40.284;0.7120892727272727
76.316;141.3994767004624;-40.88492740876973;40.715999999999994;0.7096272727272727
76.413;142.8528553256765;-40.29406938329339;41.147999999999996;0.7117152727272728
76.509;144.3393534803763;-39.72452337387949;40.967999999999996;0.7374356363636363
76.608;145.82585160061717;-39.15497760893777;40.788;0.7589121818181818
76.714;147.3302822848782;-38.61508503975347;40.86;0.762144
76.816;148.82263630162925;-38.07195006264374;40.644;0.7774392727272728
76.91;150.31810062006116;-37.517231499776244;40.644;0.7703558181818182
77.017;151.78630133066326;-36.96761169517413;40.355999999999995;0.7692365454545456
77.127;153.24553572759032;-36.403165648691356;40.355999999999995;0.755246
77.252;154.7047700965777;-35.838719840627164;40.175999999999995;0.7520603636363636
77.377;156.852908606641;-34.97491036215797;40.068;0.747894909090909
77.483;158.30006629414856;-34.40722248144448;39.888;0.7465447272727272
77.683;161.14296480175108;-33.27046058792621;39.708;0.7378921818181817
77.778;162.5538925761357;-32.693045418243855;39.672;0.7343492727272727
77.888;163.96482033003122;-32.11563047161326;39.528;0.7321134545454546
77.987;165.35159484948963;-31.531730426009744;39.419999999999995;0.7297541818181817
78.097;166.72629273775965;-30.944587935693562;39.239999999999995;0.7155225454545455
78.207;168.08305808063596;-30.327792724128813;39.096;0.7126154545454545
78.36;170.0893873469904;-29.41349068796262;39.059999999999995;0.6957054545454546
78.504;172.08675034157932;-28.484362666495144;38.843999999999994;0.6845950909090909
78.606;173.41625209897757;-27.872666786890477;38.772;0.6907843636363635
78.7;174.7247109869495;-27.242901978548616;38.663999999999994;0.6777894545454545
78.809;176.02109327632934;-26.609894710592926;38.592;0.6667207272727272
78.908;177.28124575596303;-25.967159625142813;38.376;0.6666074545454546
79.009;178.55658519547433;-25.316083628684282;38.448;0.6395650909090909
79.118;179.8077714415267;-24.658522485289723;38.376;0.6482241818181818
79.224;181.02272789087147;-23.99123350577429;38.267999999999994;0.6352345454545454
79.37;182.8482729513198;-22.97871662210673;37.872;0.6111841818181818
79.468;184.03011000156403;-22.290116304531693;38.123999999999995;0.5986641818181818
79.567;185.17882763128728;-21.580204346217215;37.692;0.5783054545454546
79.676;186.31857905350626;-20.855466106906533;37.763999999999996;0.5695130909090909
79.776;187.42210071720183;-20.12099999655038;37.583999999999996;0.5496463636363637
79.877;188.4956133486703;-19.353638446424156;37.547999999999995;0.5268014545454546
79.98;189.5087430458516;-18.57006363151595;37.476;0.505113090909091
80.084;190.4766767732799;-17.761934444773942;37.331999999999994;0.4655930909090909
80.192;191.4025249099359;-16.917667095083743;37.331999999999994;0.4655930909090909
80.295;192.2800667397678;-16.060429125558585;37.187999999999995;0.40241781818181815
80.387;193.1124126315117;-15.178636748809367;37.187999999999995;0.37036236363636366
80.482;193.88748600985855;-14.269047257956117;36.827999999999996;0.34993036363636365
80.593;194.62632969208062;-13.349729798268527;37.08;0.30133763636363636
80.796;195.9501320067793;-11.457356361672282;36.467999999999996;0.24754218181818183
80.9;196.55613345839083;-10.502369523979723;36.54;0.2189881818181818
81.0;197.14109220169485;-9.52931359410286;36.215999999999994;0.20932745454545454
81.108;197.66566809266806;-8.540044233202934;36.288;0.18277709090909092
81.204;198.15401432011276;-7.541046828497201;36.288;0.18277709090909092
81.317;198.58197769988328;-6.5258359531871974;35.964;0.12431672727272727
81.402;198.9616348296404;-5.497654300183058;35.964;0.08681636363636364
81.512;199.2719429116696;-4.438432663213462;36.0;0.05523672727272727
81.614;199.55498754698783;-3.3843093966133893;35.784;0.009313272727272727
81.716;199.76246238034219;-2.322313657030463;35.711999999999996;-0.005605818181817829
81.816;199.9305971711874;-1.2621735511347651;35.568;-0.045514363636363506
81.916;200.06561268866062;-0.18072152137756348;35.315999999999995;-0.07691290909090909
82.016;200.1129818102345;0.911845751106739;35.315999999999995;-0.07691290909090909
82.126;200.12101088557392;2.0025574332103133;35.244;-0.15244381818181824
82.225;200.05658052768558;3.1127254595048726;35.099999999999994;-0.17810345454545418
82.329;199.9013933679089;4.2224250244908035;35.172;-0.22852254545454528
82.431;199.74309592600912;5.32054088730365;34.884;-0.27891345454545446
82.533;199.52130523324013;6.423286654986441;34.632;-0.2830587272727278
82.635;199.2874380433932;7.529275234322995;34.668;-0.3387069090909087
82.737;199.01112039014697;8.62182451505214;34.596;-0.32782381818181794
82.838;198.6713094720617;9.719003734178841;34.416;-0.3646085454545455
82.937;198.3194220419973;10.819425784051418;34.379999999999995;-0.4029090909090914
83.037;197.87366735748947;11.907795694191009;34.272;-0.41784963636363687
83.149;197.39753875881433;12.979483623057604;34.056;-0.47680890909090917
83.246;196.85791686270386;14.055801531299949;33.948;-0.5071369090909095
83.347;196.27895484864712;15.130263979546726;33.948;-0.5360112727272724
83.45;195.66650848742574;16.176460680551827;34.056;-0.5845190909090909
83.548;194.9936792049557;17.23887117486447;33.552;-0.5972298181818184
83.651;194.3025525547564;18.28135697869584;33.768;-0.6440225454545456
83.754;193.50859236437827;19.32661722227931;33.552;-0.6723658181818182
83.852;192.73256457597017;20.342224584892392;33.336;-0.6995269090909088
83.953;191.93238361552358;21.36431756336242;33.407999999999994;-0.7347979999999996
84.053;191.09871824737638;22.358144800178707;33.047999999999995;-0.7505830909090905
84.167;190.23778928723186;23.34687386872247;33.192;-0.7783243636363636
84.272;189.358562909998;24.315678243525326;33.012;-0.8009316363636365
84.367;188.46414951886982;25.2761417129077;32.832;-0.8205536363636363
84.466;187.539362099953;26.219923219177872;32.94;-0.8447383636363631
84.566;186.58731105737388;27.15860655484721;32.616;-0.8610232727272732
84.671;185.6473365984857;28.094047291669995;32.58;-0.8810869090909095
84.774;184.68906470108777;29.009563316591084;32.436;-0.8889563636363639
84.876;183.7187161752954;29.928322229068726;32.327999999999996;-0.8948425454545454
84.972;182.74525721464306;30.835497475229204;32.184;-0.9070181818181823
85.085;181.77179823536426;31.742672861088067;32.076;-0.9161821818181817
85.179;180.78004179149866;32.629923523403704;32.04;-0.9271818181818182
85.294;179.80036192387342;33.513931575231254;31.823999999999998;-0.9376627272727278
85.388;178.79341839905828;34.39284144761041;31.823999999999998;-0.9393678181818184
85.489;177.79855145234615;35.268508702516556;31.607999999999997;-0.9535950909090906
85.592;176.78849745262414;36.13583502732217;31.499999999999996;-0.956160545454545
85.695;175.7632563849911;36.99482042295858;31.499999999999996;-0.9733780000000004
85.796;174.7469814736396;37.838979388121516;31.319999999999997;-0.991578
85.888;173.71551948785782;38.67479741666466;31.139999999999997;-0.9798505454545452
85.997;172.68405746947974;39.510615568608046;31.139999999999997;-1.0151254545454549
86.106;171.66156159434468;40.33160727843642;30.923999999999996;-1.0018367272727273
86.214;170.62698907312006;41.155841855332255;30.779999999999998;-1.0108963636363641
86.356;169.07805809844285;42.37898875307292;30.779999999999998;-1.0255307272727279
86.46;168.03415419254452;43.16847217781469;30.671999999999997;-1.0281632727272723
86.56;166.9750632001087;43.94961464498192;30.275999999999996;-1.0545838181818186
86.661;165.9159721620381;44.73075722437352;30.203999999999997;-1.0604341818181813
86.76;164.8506602132693;45.488732270896435;30.168;-1.0630423636363637
86.865;163.7732716044411;46.24995017424226;29.88;-1.0977347272727271
87.069;161.5363381076604;47.70751329977065;29.627999999999997;-1.142789454545455
87.181;160.3978360099718;48.385789167601615;29.555999999999997;-1.180475636363636
87.276;159.2441467922181;49.055724046658725;29.339999999999996;-1.206454727272727
87.381;158.0538625260815;49.68580920994282;29.232;-1.2255849090909092
87.476;156.85424687620252;50.28114295005798;29.159999999999997;-1.2807352727272732
87.575;155.6211465978995;50.848210773896426;29.159999999999997;-1.2807352727272732
87.673;154.3604174312204;51.36060223868117;28.944;-1.387077090909091
87.78;153.07516980543733;51.829901160206646;28.944;-1.4398554545454545
87.882;151.77748033963144;52.252864762209356;28.764;-1.5008787272727278
87.983;150.48839184455574;52.61142367264256;28.691999999999997;-1.5722381818181816
88.092;149.17167444247752;52.915306138340384;28.691999999999997;-1.6286503636363632
88.204;147.85459182038903;53.16961046680808;28.511999999999997;-1.7096412727272723
88.342;145.90842904057354;53.44380374625325;28.296;-1.7647625454545453
88.445;144.61751451902092;53.55447190999985;27.935999999999996;-1.8731579999999999
88.544;143.34142186492682;53.623902956489474;27.72;-1.9276743636363636
88.957;138.5025608241558;53.39566623046994;27.791999999999998;-1.9833136363636361
89.055;137.35510501544923;53.269108241423965;26.747999999999998;-2.171567272727273
89.169;136.24662439059466;53.09482758399099;26.567999999999998;-2.2457316363636366
89.264;135.1981618013233;52.85475488938391;26.279999999999998;-2.2737521818181814
89.365;134.1980057246983;52.60171108925715;25.991999999999997;-2.350261818181818
89.46;133.21267159748822;52.30743011739105;25.451999999999998;-2.3759123636363637
89.565;132.30876348540187;51.97886593500152;25.163999999999998;-2.428364727272727
89.665;131.45590725261718;51.5993363331072;24.912;-2.5279461818181814
89.769;130.64824714604765;51.19525178242475;24.587999999999997;-2.5759936363636364
89.871;129.89474937692285;50.75178568344563;24.119999999999997;-2.6180643636363636
90.284;127.8957512145862;48.370066318660975;24.191999999999997;-3.040335090909091
90.375;127.64252151176333;47.66808047238737;24.011999999999997;-3.124796909090909
90.485;127.4317426327616;46.97953411145136;24.084;-3.2204901818181817
90.686;127.27276071812958;45.51951717818156;23.58;-3.2513023636363636
90.792;127.30662524141371;44.77769985515624;23.831999999999997;-3.4335032727272727
90.892;127.42813672591001;44.02476724004373;23.616;-3.5040296363636365
90.998;127.62832895014435;43.27554595284164;23.4;-3.5802341818181818
91.107;127.90409147832543;42.51845214422792;23.363999999999997;-3.663810727272727
91.201;128.27372179180384;41.77341081248596;23.363999999999997;-3.663810727272727
91.304;128.7009899513796;41.0501501779072;23.255999999999997;-3.817029454545455
91.403;129.17070888727903;40.34032912040129;22.968;-3.883388181818182
91.505;129.6918448191136;39.62912104697898;22.86;-3.9431439999999998
91.606;130.24957571178675;38.95776300923899;22.86;-3.9917065454545453
91.708;130.8466469394043;38.288260695524514;22.535999999999998;-4.053597090909091
91.807;131.47409227769822;37.635440696030855;22.535999999999998;-4.053597090909091
91.912;132.09257138799876;36.99744735332206;22.319999999999997;-4.121885272727273
92.016;132.73520377092063;36.35296860989183;22.104;-4.140068181818182
92.123;133.39924402721226;35.73999876808375;21.959999999999997;-4.151574545454546
92.229;134.09054795932025;35.132127376273274;21.996;-4.194049636363636
92.323;134.81533638760448;34.55252214660868;21.851999999999997;-4.237350545454546
92.423;135.5946521665901;33.98311375360936;21.816;-4.294894727272728
92.526;136.40745242405683;33.44197151251137;21.996;-4.360452727272728
92.63;137.23543969728053;32.90917044598609;22.032;-4.402065454545455
92.731;138.11209848616272;32.41297663655132;22.176;-4.454213272727273
92.828;139.022241727449;31.945048958994448;22.139999999999997;-4.514862727272727
92.935;139.95068238303065;31.497046287171543;22.176;-4.563843272727273
93.036;140.8974204408005;31.068968610372394;22.176;-4.616711818181818
93.146;141.83208182267845;30.64413369912654;22.392;-4.644096727272728
93.25;142.77570937108248;30.20447224052623;22.284;-4.649200909090909
93.341;143.71311605162919;29.74164313590154;22.319999999999997;-4.626739636363637
93.443;144.62911482993513;29.24730527261272;22.5;-4.590553818181818
93.546;145.51473949383944;28.73628523061052;22.644;-4.534306909090909
93.649;146.40621992573142;28.198854830581695;22.787999999999997;-4.484909818181818
93.748;147.31288735568523;27.669765597209334;23.003999999999998;-4.483200545454546
93.848;148.22266514971852;27.152260250411928;23.003999999999998;-4.490614181818182
93.948;149.1780039984733;26.659778278321028;23.255999999999997;-4.5189521818181815
94.054;150.15475063957274;26.198805124498904;23.291999999999998;-4.572052727272727
94.179;151.1529050692916;25.76934078661725;23.291999999999998;-4.629521818181818
94.317;152.64858141355217;25.119352415204048;23.22;-4.681261454545455
94.414;153.6346590826288;24.693130876868963;23.4;-4.672332
94.516;154.61762629635632;24.255325541831553;23.112;-4.676863454545455
94.615;155.56399858929217;23.77767037972808;22.895999999999997;-4.642698545454546
94.719;156.47688638512045;23.271749231033027;22.86;-4.573375818181818
94.819;157.36251048836857;22.76072975527495;22.823999999999998;-4.523985636363636
94.915;158.238803348504;22.214958854019642;22.68;-4.484285818181818
95.027;159.09094293415546;21.675673454534262;22.68;-4.450940363636364
95.153;159.9247850580141;21.116463194601238;22.572;-4.431652727272727
95.292;161.1650267727673;20.28668253822252;22.535999999999998;-4.408310363636363
95.433;162.38697099406272;19.436977095901966;22.392;-4.396338909090909
95.535;163.1935493675992;18.872668688185513;22.392;-4.396338909090909
95.636;163.96975367702544;18.291678150184453;22.247999999999998;-4.372481636363636
95.735;164.72766054980457;17.69076276058331;22.319999999999997;-4.33017309090909
95.835;165.44622716214508;17.08799178339541;22.212;-4.286451636363636
95.94;166.10404571145773;16.451856495812535;22.139999999999997;-4.244943636363637
96.046;166.71630322095007;15.790697995573282;22.176;-4.161216909090909
96.173;167.26506726723164;15.134169348049909;22.067999999999998;-4.0965454545454545
96.311;168.0169438989833;14.125046749133617;22.139999999999997;-4.024804909090909
96.454;168.6597660826519;13.09553079167381;21.887999999999998;-3.9625636363636363
96.555;169.0328718535602;12.411654855590314;21.744;-3.883295090909091
96.653;169.35456079989672;11.729166033212095;21.744;-3.883295090909091
96.757;169.62172254920006;11.036480505019426;21.564;-3.7817683636363637
96.857;169.85265449341387;10.353523168247193;21.491999999999997;-3.729307090909091
96.959;170.03528002742678;9.683536731172353;21.491999999999997;-3.6938896363636364
97.064;170.20271859318018;9.005209237337112;21.131999999999998;-3.6405641818181818
97.177;170.32496114168316;8.351436436641961;21.131999999999998;-3.6083543636363635
97.328;170.46880233101547;7.344132648315281;20.808;-3.5843705454545454
97.423;170.5123645355925;6.686648570466787;20.915999999999997;-3.5269656363636366
97.621;170.5059865526855;5.40920596383512;20.772;-3.4586965454545453
97.728;170.43189315032214;4.795732838567346;20.447999999999997;-3.4192063636363637
97.83;170.34261278714985;4.173918622545898;20.304;-3.372081818181818
97.929;170.2202130164951;3.573416337836534;20.412;-3.348344909090909
98.033;170.04639646131545;2.974301072768867;20.16;-3.297692
98.163;169.83946049120277;2.3964977278374135;20.052;-3.2528159999999997
98.3;169.42192229721695;1.5647689360193908;20.052;-3.2028914545454548
98.437;168.9139920566231;0.7821493456140161;19.979999999999997;-3.104374181818182
98.537;168.5231615845114;0.29098061146214604;19.944;-3.0370352727272727
98.645;168.0929909273982;-0.20204385742545128;19.692;-2.9902314545454542
98.749;167.6448878273368;-0.6654153410345316;19.692;-2.945266727272727
98.847;167.1546990564093;-1.0926484386436641;19.548;-2.8933383636363637
98.951;166.62828046549112;-1.510153478011489;19.476;-2.842099272727273
99.052;166.07185280974954;-1.8947628419846296;19.331999999999997;-2.807264181818182
99.168;165.48230569809675;-2.258060344029218;19.224;-2.757792909090909
99.317;164.5710863303393;-2.758527160156518;19.043999999999997;-2.702845090909091
99.401;163.9335976652801;-3.0592760434374213;18.863999999999997;-2.6352474545454547
99.511;163.26298952940851;-3.3387130782939494;18.756;-2.5828074545454545
99.61;162.57444890774786;-3.5884971381165087;18.756;-2.5402332727272725
99.712;161.8648654250428;-3.8202120447531343;18.756;-2.4983852727272726
99.815;161.13734944723547;-4.0222739786840975;18.612;-2.4484185454545453
99.915;160.38879059255123;-4.206266756169498;18.503999999999998;-2.401985272727273
100.014;159.63748622406274;-4.352265435270965;18.683999999999997;-2.3530010909090913
100.125;158.85928310267627;-4.453784622717649;18.612;-2.306165272727273
100.223;158.0631474684924;-4.525650829076767;18.252;-2.2276587272727273
100.33;157.2490793140605;-4.567864049691707;18.288;-2.1766869090909093
100.427;156.43226562161;-4.572083147708327;17.784;-2.0953354545454546
100.53;155.61581677105278;-4.526724298484623;18.0;-2.0407187272727274
100.634;154.7904016347602;-4.466538962908089;17.747999999999998;-1.9808394545454544
100.735;153.97431758325547;-4.371602180413902;17.567999999999998;-1.9275736363636362
100.836;153.15548798348755;-4.238671244122088;17.532;-1.863304545454545
100.937;152.33976872172207;-4.094156499486417;17.676;-1.8081320000000005
101.04;151.53649090975523;-3.9033064586110413;17.459999999999997;-1.7604652727272723
101.147;150.7121701883152;-3.694387209136039;17.424;-1.6979847272727273
101.243;149.90303642116487;-3.4771268242038786;17.567999999999998;-1.6456936363636363
101.449;148.2761673880741;-2.9782015178352594;17.496;-1.621604
101.549;147.44635549653322;-2.6932938951067626;17.82;-1.561629818181818
101.651;146.61068768706173;-2.38197590271011;18.288;-1.5217725454545457
101.753;145.78435095585883;-2.035906394943595;18.828;-1.467995090909091
101.855;144.93697130400687;-1.671767647843808;19.296;-1.4182214545454548
101.956;144.1020331028849;-1.2612935327924788;19.836;-1.3741650909090906
102.055;143.27020524442196;-0.8392355488613248;20.016;-1.323441454545455
102.172;142.4445980945602;-0.3940098569728434;20.195999999999998;-1.2985143636363639
102.266;141.64625454321504;0.05631432309746742;20.52;-1.2546076363636365
102.381;140.8420550748706;0.5330489156767726;20.195999999999998;-1.2341110909090907
102.518;139.64938763715327;1.2507001105695963;20.735999999999997;-1.2188947272727277
102.621;138.83622183650732;1.7422613459639251;20.663999999999998;-1.1912594545454547
102.724;138.02927675563842;2.256990313064307;21.023999999999997;-1.1833721818181815
102.826;137.2133653871715;2.7865458712913096;21.636;-1.164038545454545
102.926;136.3826318597421;3.3573384094052017;21.924;-1.153121818181818
103.022;135.5308554051444;3.946200246922672;22.968;-1.1212703636363637
103.137;134.6763334237039;4.573056388646364;23.759999999999998;-1.0839376363636368
103.24;133.82803217228502;5.22308029839769;24.372;-1.0625272727272732
103.345;132.97387501131743;5.8995146821253;24.372;-1.0625272727272732
103.44;132.13801522552967;6.595874151214957;25.523999999999997;-0.9982696363636364
103.537;131.31148656085134;7.326985260937363;25.488;-1.0065441818181822
103.64;130.48184749297798;8.046512607019395;25.919999999999998;-0.9579512727272728
103.743;129.65842916909605;8.789207753259689;26.171999999999997;-0.9483065454545454
103.844;128.8077471703291;9.526804531924427;26.424;-0.9578743636363635
103.943;127.90564820822328;10.265788353979588;26.855999999999998;-0.9636863636363635
104.048;126.99458296503872;11.01959882909432;27.503999999999998;-0.9965134545454548
104.162;126.05039815790951;11.794721369165927;27.935999999999996;-0.999077818181818
104.256;125.07309378217906;12.591155981179327;28.583999999999996;-1.0013501818181816
104.366;124.10512053407729;13.42234229017049;29.592;-0.9976758181818178
104.714;120.7155632134527;16.51822411827743;31.644;-0.9210236363636362
104.811;119.7420989042148;17.425399594474584;32.111999999999995;-0.9002723636363633
104.917;118.78071121498942;18.329332505352795;32.22;-0.9204445454545459
105.019;117.82554429396987;19.256433286704123;31.859999999999996;-0.9167620000000004
105.129;116.88556439615786;20.191875371616334;32.256;-0.8807300000000003
105.225;115.97906896658242;21.155583795160055;32.507999999999996;-0.8781609090909094
105.337;115.08776057232171;22.127633528318256;32.544;-0.8410652727272732
105.482;113.7587564419955;23.639457195531577;33.263999999999996;-0.8141970909090911
105.586;112.89196629356593;24.65460009081289;33.803999999999995;-0.7930152727272726
105.677;112.01932029612362;25.696153610944748;33.803999999999995;-0.7930152727272726
105.786;111.16186136100441;26.746048456057906;34.632;-0.7752390909090908
105.888;110.31958949379623;27.804284624755383;34.812;-0.7510170909090913
105.988;109.52287880796939;28.887544447556138;34.992;-0.7391820000000001
106.096;108.75032145436853;29.964318999554962;35.244;-0.7012523636363632
106.196;108.02021490316838;31.05453331908211;35.028;-0.6881860000000002
106.3;107.34463581442833;32.15494468435645;35.099999999999994;-0.6575354545454544
106.405;106.68424383737147;33.26369736716151;35.172;-0.6217052727272724
106.497;106.0873455889523;34.36782048130408;35.028;-0.6054878181818181
106.701;104.98430667910725;36.57653583632782;34.955999999999996;-0.5446465454545453
106.803;104.52061681821942;37.69456767477095;34.955999999999996;-0.5156461818181821
106.905;104.06900369003415;38.8093569111079;35.028;-0.47405363636363623
107.008;103.68399474956095;39.93110041646287;35.028;-0.47645490909090893
107.115;103.32313920743763;41.04635857837275;35.028;-0.41523272727272753
107.215;103.00473455153406;42.175056444015354;35.099999999999994;-0.41124345454545413
107.322;102.7739770160988;43.292639191728085;34.955999999999996;-0.3721185454545455
107.415;102.57944955211133;44.40049382857978;35.244;-0.3140785454545453
107.512;102.45152631215751;45.5153026683256;35.172;-0.30707763636363655
107.622;102.35983315389603;46.62038337532431;34.992;-0.2450021818181819
107.723;102.29540384560823;47.730562563519925;35.208;-0.2387467272727277
107.824;102.30654501449317;48.83286928618327;34.955999999999996;-0.21092636363636386
107.929;102.35080584604293;49.91386394063011;35.099999999999994;-0.1641769090909086
108.029;102.47649297583848;50.960575559176505;34.668;-0.1476736363636364
108.143;102.65670769661665;52.017484018113464;34.739999999999995;-0.08189709090909116
108.293;103.01897761318833;53.55952893849462;34.704;-0.0516692727272729
108.381;103.31373832933605;54.560842181090266;34.452;-0.0021087272727268926
108.489;103.63265247270465;55.55566991167143;34.272;0.023582909090909092
108.59;103.99987334851176;56.537526635453105;34.416;0.03283963636363636
108.694;104.36398389097303;57.50779943540692;34.056;0.06764818181818182
108.794;104.74017119314522;58.474829454906285;34.056;0.06764818181818182
108.895;105.14362234529108;59.44695783127099;34.019999999999996;0.07510981818181818
108.996;105.51980984490365;60.4139877804555;33.912;0.08549127272727274
109.107;105.9049636637792;61.36619105236605;33.803999999999995;0.07468999999999999
109.205;106.3173813316971;62.323492671363056;33.768;0.08969945454545454
109.298;106.71461200155318;63.272453114856035;33.66;0.09829236363636364
109.417;107.12391942273825;64.2181707629934;33.552;0.089272
109.562;107.72424886189401;65.63419797178358;33.336;0.1083529090909091
109.663;108.13355652149767;66.57991552073509;33.372;0.08775254545454546
109.766;108.55183048173785;67.5108063784428;33.336;0.10826381818181818
109.868;108.94595123361796;68.44818271975964;33.227999999999994;0.10579418181818181
109.972;109.33696163073182;69.3739751316607;33.083999999999996;0.08075672727272729
110.07;109.69485260359943;70.321079691872;32.976;0.09668672727272729
110.18;110.02547991462052;71.26308586634696;32.94;0.05633
110.275;110.35610732063651;72.20509201474488;32.652;0.055700545454545454
110.387;110.63220729213208;73.13690143544227;32.22;0.050019090909090916
110.531;110.98716421518475;74.5070430166088;31.572;0.0050536363636363634
110.632;111.16628601308912;75.41521625267342;30.671999999999997;-0.01667090909090906
110.735;111.28776991181076;76.30160891683772;29.735999999999997;-0.05663945454545414
110.834;111.36991346720606;77.18614602601156;29.267999999999997;-0.08498999999999962
110.936;111.38545290753245;78.06372924894094;28.691999999999997;-0.1301463636363637
111.036;111.31023492384702;78.94084414839745;28.8;-0.18689763636363585
111.149;111.18048946931958;79.80776241701096;27.9;-0.2344289090909094
111.242;110.98413988295943;80.66772684082389;27.9;-0.2344289090909094
111.351;110.71221996471286;81.53556409990415;27.107999999999997;-0.3551350909090905
111.455;110.37369589414448;82.39644753886387;27.144;-0.4058014545454543
111.603;109.78411854803562;83.67247784743086;27.107999999999997;-0.4694876363636364
111.701;109.36380326002836;84.5180664844811;26.424;-0.5176765454545458
111.804;108.86480713449419;85.35994411306456;26.999999999999996;-0.5499436363636361
111.912;108.34165773075074;86.20830739010125;26.712;-0.610670727272727
111.999;107.80332122929394;87.0483296494931;26.712;-0.632867272727273
112.113;107.17111673951149;87.8762998059392;26.784;-0.655362363636364
112.215;106.517504199408;88.67276115436107;26.819999999999997;-0.7427350909090912
112.313;105.79728743247688;89.46226873295382;26.531999999999996;-0.7563189090909087
112.425;105.03461974393576;90.23833696823567;27.18;-0.822727454545454
112.568;103.82383134029806;91.37069645151496;26.604;-0.8829430909090908
112.669;102.9579641642049;92.0999610396102;26.747999999999998;-0.9302361818181815
112.769;102.07068888284266;92.79771680291742;26.712;-0.9931318181818183
112.87;101.15303929988295;93.47879042243585;26.279999999999998;-1.0371818181818184
112.98;100.1898282719776;94.13484078086913;26.387999999999998;-1.0538910909090904
113.085;99.20831957831979;94.77096619922668;26.208;-1.1290636363636364
113.183;98.2022922821343;95.3639988549985;26.063999999999997;-1.1580903636363638
113.282;97.14759302604944;95.9204243151471;25.956;-1.2075219999999995
113.639;93.30921631213278;97.634145939257;25.776;-1.4238305454545452
113.737;92.16540863458067;98.00337346736342;25.703999999999997;-1.527256
113.836;91.00915896799415;98.3262653411366;25.308;-1.5649410909090906
113.944;89.83424635604024;98.5796537171118;25.308;-1.6430565454545454
114.049;88.68934271857142;98.80014586308971;25.343999999999998;-1.733822545454545
114.161;87.53510756790638;98.98588623618707;24.84;-1.7583374545454542
114.303;85.83321589976549;99.15723280841485;24.732;-1.8124847272727276
114.505;83.59226852934808;99.24978025536984;24.299999999999997;-1.9020276363636366
114.606;82.48487879987806;99.22423533536494;24.407999999999998;-2.0238674545454547
114.701;81.4195747654885;99.16255133599043;24.407999999999998;-2.0658094545454544
114.809;80.34804971609265;99.07769941585138;24.336;-2.126129818181818
114.911;79.32446609344333;98.93029776774347;24.372;-2.1817420000000003
115.013;78.31881483644247;98.75324260117486;24.191999999999997;-2.2509787272727273
115.126;77.32798546086997;98.53494999092072;24.479999999999997;-2.300116181818182
115.22;76.37027562130243;98.29534500231966;24.372;-2.336464909090909
115.331;75.42427720874548;98.00291862525046;24.299999999999997;-2.391335818181818
115.423;74.52347501926124;97.68593708472326;24.587999999999997;-2.449836363636364
115.524;73.65268191322684;97.3360592359677;24.372;-2.490402181818182
115.621;72.81189789157361;96.95328507712111;24.264;-2.532462909090909
115.729;72.00112296361476;96.5376146081835;24.695999999999998;-2.597583636363636
115.828;71.22035713866353;96.08904783660546;24.552;-2.635755090909091
115.933;70.46063421666622;95.62241147970781;24.767999999999997;-2.6678747272727277
116.034;69.75507378298789;95.1163932569325;24.84;-2.734495272727273
116.15;69.05847957730293;94.59554824233055;25.055999999999997;-2.7720123636363634
116.298;68.10535348206758;93.74617316341028;25.127999999999997;-2.810859818181818
116.39;67.49293094035238;93.15304997144267;25.883999999999997;-2.885410181818182
116.486;66.88050843030214;92.5599267152138;25.631999999999998;-2.886331454545455
116.595;66.28290792834014;91.92556601110846;25.703999999999997;-2.908142909090909
116.697;65.6884179348126;91.30278918286785;26.316;-2.9111072727272727
116.796;65.09356279950589;90.63043373962864;26.567999999999998;-2.9225961818181823
116.901;64.51352969836444;89.91684084618464;27.395999999999997;-2.9466694545454546
117.004;63.96039531938732;89.1587677365169;28.656;-2.978263636363636
117.114;63.40689583495259;88.35111600905657;29.951999999999998;-3.0300252727272725
117.214;62.883405562490225;87.51056801574305;30.743999999999996;-3.051400363636364
117.313;62.37784782797098;86.6403665272519;32.111999999999995;-3.070224727272727
117.403;61.89918885566294;85.72568484349176;32.58;-3.113540909090909
117.515;61.483658727258444;84.75679466780275;33.3;-3.125858
117.615;61.08020539022982;83.78466168418527;34.308;-3.1712932727272727
117.717;60.70987176708877;82.79121642652899;34.632;-3.2044240000000004
117.819;60.36643694899976;81.75329100713134;35.172;-3.213404181818182
117.92;60.077164782211185;80.67598386341706;36.251999999999995;-3.2564423636363635
118.02;59.8510215152055;79.54446830973029;36.647999999999996;-3.2810534545454546
118.138;59.65177709702402;78.36847263760865;37.763999999999996;-3.3080176363636364
118.276;59.39636925235391;76.54934293963015;38.592;-3.3496063636363638
118.383;59.29648404382169;75.30941067403182;39.852;-3.377501090909091
118.487;59.2114210287109;74.02824109839275;41.004;-3.3938725454545455
118.593;59.15636734012514;72.71417542081326;41.651999999999994;-3.4058541818181816
118.688;59.14339969493449;71.36397090461105;42.767999999999994;-3.4362629090909094
118.786;59.14525427483022;69.97252911608666;43.739999999999995;-3.4373898181818183
118.89;59.17711821291596;68.5481912754476;44.748;-3.460918363636364
118.993;59.19965103175491;67.08910168102011;45.827999999999996;-3.4649401818181818
119.103;59.24011654499918;65.60035879490897;46.656;-3.459881636363636
119.193;59.24709758441895;64.0833496497944;47.699999999999996;-3.471381818181818
119.303;59.247857965528965;62.54317270638421;48.419999999999995;-3.458141090909091
119.402;59.21824433095753;60.98631343757734;49.644;-3.447537818181818
119.511;59.11891619488597;59.41091609746218;50.25599999999999;-3.434572909090909
119.605;59.013367446139455;57.812350935768336;51.083999999999996;-3.4043743636363635
119.707;58.85951218288392;56.226756770163774;51.696;-3.4032345454545454
119.806;58.67839336115867;54.63606417691335;51.876;-3.379723818181818
119.91;58.45482388604432;53.03193192277104;52.488;-3.3673307272727273
120.011;58.18880375754088;51.41435999143869;52.739999999999995;-3.3555696363636365
120.116;57.88655382581055;49.80651625758037;53.424;-3.3297018181818183
120.222;57.52392071299255;48.2148861438036;53.532;-3.3200165454545454
120.321;57.0977939972654;46.627885676920414;53.604;-3.2928770909090908
120.432;56.63854788709432;45.06219728384167;53.784;-3.2690918181818183
120.523;56.10684189200401;43.51596514554694;53.315999999999995;-3.251418181818182
120.626;55.55409318394959;41.98780232015997;53.352;-3.2234023636363633
120.726;54.965114650316536;40.46936756139621;53.172;-3.213821090909091
120.926;53.684688901528716;37.48485006764531;52.919999999999995;-3.1761536363636362
121.026;52.98116498813033;36.02201000414789;52.812;-3.1691583636363636
121.144;52.26867500972003;34.57399647682905;52.559999999999995;-3.1439747272727274
121.236;51.483725105412304;33.14543904038146;52.452;-3.143210181818182
121.342;50.629425659775734;31.74792161397636;52.343999999999994;-3.095260545454545
121.447;49.71785335522145;30.37820146419108;52.199999999999996;-3.0740932727272727
121.542;48.72796517889947;29.054347911849618;51.94799999999999;-3.0431267272727274
121.644;47.68391449470073;27.769875534810126;51.732;-2.9999436363636365
121.745;46.57051420863718;26.516443045809865;51.66;-2.984347090909091
121.844;45.402951371856034;25.302391684614122;51.37199999999999;-2.938512727272727
121.944;44.20537936873734;24.12123604817316;51.19199999999999;-2.915352909090909
122.049;42.96883186977357;22.98780277231708;50.616;-2.889750363636364
122.164;41.72953893430531;21.892363791354;49.86;-2.864462181818182
122.255;40.48750055581331;20.834919107612222;48.924;-2.85712
122.365;39.23686077725142;19.84187933523208;47.808;-2.828355454545455
122.457;37.980365137569606;18.8752499143593;46.656;-2.8175454545454546
122.56;36.74527740944177;17.94012945238501;45.57599999999999;-2.797915636363636
122.662;35.49262189492583;17.084240571130067;44.315999999999995;-2.7832894545454545
122.76;34.22514414507896;16.269588709808886;43.236;-2.742705636363636
122.866;32.970107931643724;15.501272482797503;42.01199999999999;-2.719218909090909
122.966;31.715436537750065;14.782534582074732;40.824;-2.6985603636363633
123.07;30.482172982767224;14.09530570358038;39.528;-2.6699361818181817
123.18;29.27342762891203;13.451169834006578;38.267999999999994;-2.6564507272727274
123.28;28.089200468733907;12.850126993376762;36.936;-2.639739090909091
123.386;26.926381126977503;12.280593222938478;35.891999999999996;-2.625193090909091
123.477;25.767036917619407;11.772221826948225;34.379999999999995;-2.603110181818182
123.579;24.641177215613425;11.292116863187402;33.12;-2.5715554545454546
123.676;23.548802024684846;10.8402783498168;31.823999999999998;-2.549173818181818
123.785;22.49302170239389;10.428290280979127;30.383999999999997;-2.540079818181818
123.884;21.48865857347846;10.014915402978659;29.159999999999997;-2.5263394545454543
123.985;20.50881360564381;9.644633668474853;27.971999999999998;-2.5423441818181822
124.094;19.592462552711368;9.269722488243133;26.531999999999996;-2.5260952727272725
124.199;18.73685979191214;8.928176489192992;25.272;-2.5388074545454544
124.302;17.92370789218694;8.600070380140096;23.796;-2.5395083636363633
124.397;17.168193923309445;8.293745506554842;22.572;-2.5388865454545453
124.495;16.44305410515517;8.004103212617338;21.168;-2.547355090909091
124.592;15.772441859357059;7.724658185150474;19.872;-2.524058
124.703;15.174654629081488;7.475335747003555;18.612;-2.542640545454545
124.804;14.583088118582964;7.249181240331382;16.919999999999998;-2.551062909090909
124.903;14.082279338501394;7.02349605364725;15.983999999999998;-2.5525658181818183
125.007;13.635998137295246;6.808008175343275;14.543999999999999;-2.5685979999999997
125.114;13.223201450891793;6.620786917861551;12.924;-2.5797810909090906
125.231;12.86493234615773;6.4437629845924675;11.844;-2.5931634545454543
125.363;12.373089918866754;6.203251047525555;10.62;-2.6016336363636365
125.463;12.060382046736777;6.051251069176942;9.972;-2.626547090909091
125.671;11.43496629782021;5.747251077089459;9.144;-2.622816909090909
125.773;11.137445498257875;5.603592395316809;9.18;-2.617935636363636
125.874;10.85200141556561;5.456691046245396;9.144;-2.621459454545455
125.975;10.600041845813394;5.338056348264217;8.315999999999999;-2.636056181818182
126.083;10.363269349560142;5.227762974798679;7.632;-2.641121818181818
126.197;10.181024441495538;5.12766695395112;6.696;-2.5914536363636365
126.332;9.920098505914211;5.02385888248682;5.3999999999999995;-2.601477272727273
126.433;9.825865698046982;4.962226875592023;5.3999999999999995;-2.601477272727273
126.54;9.73785360250622;4.923762850929052;3.0959999999999996;-2.69284
126.639;9.677105301059783;4.890397505369037;2.484;-2.525982909090909
126.743;9.619467354379594;4.868616152089089;1.908;-2.6058912727272725
126.843;9.558719050139189;4.835250806063414;1.6199999999999999;-2.740719818181818
126.944;9.513157825917006;4.810226796660572;1.908;-2.606749818181818
127.045;9.443443158641458;4.79168810043484;1.5839999999999999;-2.5903294545454547
127.157;9.397881930693984;4.766664089169353;1.5119999999999998;-2.5863347272727273
127.252;9.340243985876441;4.744882735423744;1.3679999999999999;-2.564674727272727
127.353;9.29468275886029;4.719858723226935;1.5119999999999998;-2.553027272727273
127.56;9.200449949130416;4.658226710278541;1.476;-2.603494727272727
127.66;9.157999079674482;4.644786690361798;1.44;-2.5469007272727273
127.763;9.130735284648836;4.639688008464873;1.26;-2.599497090909091
127.865;9.115548213012516;4.631346668116748;1.008;-2.5356898181818184
127.965;9.100361132062972;4.623005334287882;0.6479999999999999;-2.5088605454545454
128.064;9.08828441426158;4.626247990876436;0.39599999999999996;-2.3519372727272727
128.174;9.100361132062972;4.623005334287882;0.10799999999999998;-2.615011454545454
